_id,MODEL_CD
67dbab120dc9badbe92b98e7,ALTO K10
67dbab120dc9badbe92b98e8,ALTO K10
67dbab120dc9badbe92b98e9,ALTO K10
67dbab120dc9badbe92b98ea,ALTO K10
67dbab120dc9badbe92b98eb,ALTO K10
67dbab120dc9badbe92b98ef,ALTO K10
67dbab120dc9badbe92b98ec,ALTO K10
67dbab120dc9badbe92b98ed,ALTO K10
67dbab120dc9badbe92b98fa,ALTO K10
67dbab120dc9badbe92b98ee,ALTO K10
67dbab120dc9badbe92b98f0,ALTO K10
67dbab120dc9badbe92b98f1,ALTO K10
67dbab120dc9badbe92b98f2,ALTO K10
67dbab120dc9badbe92b98f4,ALTO K10
67dbab120dc9badbe92b98f5,ALTO K10
67dbab120dc9badbe92b98f3,ALTO K10
67dbab120dc9badbe92b98f6,ALTO K10
67dbab120dc9badbe92b98f7,ALTO K10
67dbab120dc9badbe92b98f8,ALTO K10
67dbab120dc9badbe92b98f9,ALTO K10
67dbab130dc9badbe92b9905,ALTO K10
67dbab120dc9badbe92b98fb,ALTO K10
67dbab120dc9badbe92b98fc,ALTO K10
67dbab130dc9badbe92b98fe,ALTO K10
67dbab130dc9badbe92b98fd,ALTO K10
67dbab130dc9badbe92b9903,ALTO K10
67dbab130dc9badbe92b9904,ALTO K10
67dbab130dc9badbe92b98ff,ALTO K10
67dbab1a0dc9badbe92b9993,ALTO K10
67f75b44297b3a5cefba922b,EECO
67dbab130dc9badbe92b9900,ALTO K10
67dbab140dc9badbe92b9919,ALTO K10
67dbab160dc9badbe92b9940,ALTO K10
67dbab130dc9badbe92b9901,ALTO K10
67dbab130dc9badbe92b9902,ALTO K10
67dbab130dc9badbe92b9906,ALTO K10
67dbab130dc9badbe92b9907,ALTO K10
67dbab150dc9badbe92b9930,ALTO K10
67dbab160dc9badbe92b9948,ALTO K10
67dbab130dc9badbe92b9908,ALTO K10
67dbab130dc9badbe92b9909,ALTO K10
67dbab130dc9badbe92b990b,ALTO K10
67dbab130dc9badbe92b990a,ALTO K10
67dbab130dc9badbe92b990c,ALTO K10
67dbab130dc9badbe92b990d,ALTO K10
67dbab130dc9badbe92b990e,ALTO K10
67dbab130dc9badbe92b990f,ALTO K10
67f75b44297b3a5cefba922c,EECO
67dbab130dc9badbe92b9910,ALTO K10
67dbab140dc9badbe92b991e,ALTO K10
67dbab140dc9badbe92b9922,ALTO K10
67dbab140dc9badbe92b9911,ALTO K10
67dbab170dc9badbe92b9965,ALTO K10
67dbab180dc9badbe92b9969,ALTO K10
67dbab140dc9badbe92b9912,ALTO K10
67dbab170dc9badbe92b995c,ALTO K10
67dbab170dc9badbe92b995f,ALTO K10
67dbab140dc9badbe92b9913,ALTO K10
67dbab140dc9badbe92b9918,ALTO K10
67dbab140dc9badbe92b991d,ALTO K10
67dbab140dc9badbe92b9914,ALTO K10
67dbab140dc9badbe92b9916,ALTO K10
67dbab140dc9badbe92b9917,ALTO K10
67dbab140dc9badbe92b9915,ALTO K10
67dbab140dc9badbe92b991a,ALTO K10
67dbab140dc9badbe92b991b,ALTO K10
67dbab140dc9badbe92b991c,ALTO K10
67dbab150dc9badbe92b992f,ALTO K10
67dbab150dc9badbe92b9931,ALTO K10
67dbab140dc9badbe92b991f,ALTO K10
67dbab140dc9badbe92b9924,ALTO K10
67dbab150dc9badbe92b9927,ALTO K10
67dbab140dc9badbe92b9920,ALTO K10
67dbab140dc9badbe92b9921,ALTO K10
67dbab140dc9badbe92b9923,ALTO K10
67dbab140dc9badbe92b9925,ALTO K10
67dbab150dc9badbe92b9937,ALTO K10
67dbab160dc9badbe92b993b,ALTO K10
67dbab150dc9badbe92b9926,ALTO K10
67dbab150dc9badbe92b992a,ALTO K10
67dbab160dc9badbe92b993d,ALTO K10
67dbab150dc9badbe92b9928,ALTO K10
67dbab150dc9badbe92b992d,ALTO K10
67dbab160dc9badbe92b9942,ALTO K10
67dbab150dc9badbe92b9929,ALTO K10
67dbab150dc9badbe92b992b,ALTO K10
67dbab150dc9badbe92b992c,ALTO K10
67dbab150dc9badbe92b992e,ALTO K10
67dbab150dc9badbe92b9932,ALTO K10
67dbab170dc9badbe92b9962,ALTO K10
67dbab150dc9badbe92b9933,ALTO K10
67dbab150dc9badbe92b9934,ALTO K10
67dbab160dc9badbe92b994e,ALTO K10
67dbab150dc9badbe92b9935,ALTO K10
67dbab150dc9badbe92b9939,ALTO K10
67dbab150dc9badbe92b993a,ALTO K10
67dbab150dc9badbe92b9936,ALTO K10
67dbab160dc9badbe92b993c,ALTO K10
67dbab160dc9badbe92b993f,ALTO K10
67dbab150dc9badbe92b9938,ALTO K10
67dbab160dc9badbe92b9941,ALTO K10
67dbab170dc9badbe92b995a,ALTO K10
67dbab160dc9badbe92b993e,ALTO K10
67dbab170dc9badbe92b995d,ALTO K10
67dbab170dc9badbe92b9960,ALTO K10
67dbab160dc9badbe92b9943,ALTO K10
67dbab160dc9badbe92b9951,ALTO K10
67dbab170dc9badbe92b9954,ALTO K10
67dbab160dc9badbe92b9944,ALTO K10
67dbab160dc9badbe92b9949,ALTO K10
67dbab160dc9badbe92b994c,ALTO K10
67dbab160dc9badbe92b9945,ALTO K10
67dbab160dc9badbe92b9946,ALTO K10
67dbab160dc9badbe92b994d,ALTO K10
67dbab160dc9badbe92b9947,ALTO K10
67dbab160dc9badbe92b994a,ALTO K10
67dbab160dc9badbe92b994f,ALTO K10
67dbab160dc9badbe92b994b,ALTO K10
67dbab180dc9badbe92b9967,ALTO K10
67dbab180dc9badbe92b996c,ALTO K10
67dbab160dc9badbe92b9950,ALTO K10
67dbab170dc9badbe92b9957,ALTO K10
67dbab1a0dc9badbe92b9994,ALTO K10
67dbab170dc9badbe92b9952,ALTO K10
67dbab170dc9badbe92b9953,ALTO K10
67dbab170dc9badbe92b9955,ALTO K10
67dbab170dc9badbe92b9956,ALTO K10
67dbab180dc9badbe92b9978,ALTO K10
67dbab190dc9badbe92b997d,ALTO K10
67dbab170dc9badbe92b9958,ALTO K10
67dbab180dc9badbe92b996a,ALTO K10
67dbab180dc9badbe92b996b,ALTO K10
67dbab170dc9badbe92b9959,ALTO K10
67dbab180dc9badbe92b9966,ALTO K10
67dbab180dc9badbe92b996e,ALTO K10
67dbab170dc9badbe92b995b,ALTO K10
67dbab170dc9badbe92b995e,ALTO K10
67dbab180dc9badbe92b996d,ALTO K10
67dbab170dc9badbe92b9961,ALTO K10
67dbab190dc9badbe92b9981,ALTO K10
67dbab190dc9badbe92b9988,ALTO K10
67dbab170dc9badbe92b9963,ALTO K10
67dbab190dc9badbe92b998b,ALTO K10
67f75b45297b3a5cefba922d,EECO
67dbab170dc9badbe92b9964,ALTO K10
67dbab180dc9badbe92b996f,ALTO K10
67dbab180dc9badbe92b9975,ALTO K10
67dbab180dc9badbe92b9968,ALTO K10
67dbab1a0dc9badbe92b9997,ALTO K10
67f75b45297b3a5cefba922e,EECO
67dbab180dc9badbe92b9970,ALTO K10
67f75b45297b3a5cefba922f,EECO
67f75b50297b3a5cefba9270,S-PRESSO
67dbab180dc9badbe92b9971,ALTO K10
67dbab180dc9badbe92b9974,ALTO K10
67dbab180dc9badbe92b997b,ALTO K10
67dbab180dc9badbe92b9972,ALTO K10
67dbab180dc9badbe92b9977,ALTO K10
67dbab180dc9badbe92b9979,ALTO K10
67dbab180dc9badbe92b9973,ALTO K10
67dbab190dc9badbe92b9984,ALTO K10
67f75b45297b3a5cefba9230,EECO
67dbab180dc9badbe92b9976,ALTO K10
67f75b45297b3a5cefba9231,EECO
67f75b45297b3a5cefba9233,EECO
67dbab180dc9badbe92b997a,ALTO K10
67dbab180dc9badbe92b997c,ALTO K10
67dbab190dc9badbe92b9982,ALTO K10
67dbab190dc9badbe92b997e,ALTO K10
67dbab190dc9badbe92b998a,ALTO K10
67f75b45297b3a5cefba9232,EECO
67dbab190dc9badbe92b997f,ALTO K10
67dbab1a0dc9badbe92b999c,ALTO K10
67f75b45297b3a5cefba9234,EECO
67dbab190dc9badbe92b9980,ALTO K10
67dbab190dc9badbe92b9986,ALTO K10
67dbab190dc9badbe92b9989,ALTO K10
67dbab190dc9badbe92b9983,ALTO K10
67dbab190dc9badbe92b9987,ALTO K10
67dbab1a0dc9badbe92b9995,ALTO K10
67dbab190dc9badbe92b9985,ALTO K10
67f75b45297b3a5cefba9235,EECO
67f75b45297b3a5cefba9236,EECO
67dbab190dc9badbe92b998c,ALTO K10
67dbab190dc9badbe92b998d,ALTO K10
67dbab190dc9badbe92b998e,ALTO K10
67dbab190dc9badbe92b998f,ALTO K10
67f75b45297b3a5cefba9237,EECO
67f75b45297b3a5cefba923a,EECO
67dbab190dc9badbe92b9990,ALTO K10
67dbab190dc9badbe92b9991,ALTO K10
67dbab1a0dc9badbe92b9992,ALTO K10
67dbab1a0dc9badbe92b9996,ALTO K10
67dbab1a0dc9badbe92b9998,ALTO K10
67f75b45297b3a5cefba9238,EECO
67dbab1a0dc9badbe92b9999,ALTO K10
67dbab1a0dc9badbe92b999a,ALTO K10
67dbab1a0dc9badbe92b999b,ALTO K10
67dbab1a0dc9badbe92b999d,ALTO K10
67dbab4f0dc9badbe92b999e,BREZZA
67dbab4f0dc9badbe92b999f,BREZZA
67dbab4f0dc9badbe92b99a0,BREZZA
67dbab4f0dc9badbe92b99a1,BREZZA
67dbab4f0dc9badbe92b99a2,BREZZA
67dbab4f0dc9badbe92b99a3,BREZZA
67dbab500dc9badbe92b99a4,BREZZA
67dbab500dc9badbe92b99a5,BREZZA
67dbab500dc9badbe92b99a6,BREZZA
67dbab500dc9badbe92b99a7,BREZZA
67dbab500dc9badbe92b99a8,BREZZA
67dbab500dc9badbe92b99a9,BREZZA
67dbab500dc9badbe92b99aa,BREZZA
67dbab500dc9badbe92b99ab,BREZZA
67dbab500dc9badbe92b99ac,BREZZA
67dbab500dc9badbe92b99ad,BREZZA
67dbab500dc9badbe92b99ae,BREZZA
67dbab500dc9badbe92b99af,BREZZA
67dbab510dc9badbe92b99c9,BREZZA
67dbab520dc9badbe92b99d0,BREZZA
67dbab500dc9badbe92b99b0,BREZZA
67dbab540dc9badbe92b99fc,BREZZA
67f75b45297b3a5cefba9239,EECO
67dbab500dc9badbe92b99b1,BREZZA
67dbab520dc9badbe92b99d1,BREZZA
67dbab520dc9badbe92b99db,BREZZA
67dbab500dc9badbe92b99b2,BREZZA
67dbab500dc9badbe92b99b3,BREZZA
67dbab500dc9badbe92b99b4,BREZZA
67dbab500dc9badbe92b99b5,BREZZA
67dbab510dc9badbe92b99b6,BREZZA
67dbab510dc9badbe92b99bc,BREZZA
67dbab510dc9badbe92b99b7,BREZZA
67dbab510dc9badbe92b99b8,BREZZA
67dbab510dc9badbe92b99b9,BREZZA
67dbab510dc9badbe92b99ba,BREZZA
67dbab530dc9badbe92b99eb,BREZZA
67dbab540dc9badbe92b99ff,BREZZA
67dbab510dc9badbe92b99bb,BREZZA
67dbab510dc9badbe92b99bd,BREZZA
67dbab510dc9badbe92b99be,BREZZA
67dbab510dc9badbe92b99bf,BREZZA
67dbab550dc9badbe92b9a17,BREZZA
67dbab570dc9badbe92b9a36,BREZZA
67dbab510dc9badbe92b99c0,BREZZA
67dbab510dc9badbe92b99c5,BREZZA
67dbab550dc9badbe92b9a0c,BREZZA
67dbab510dc9badbe92b99c1,BREZZA
67dbab530dc9badbe92b99ea,BREZZA
67f75b4e297b3a5cefba923b,S-PRESSO
67dbab510dc9badbe92b99c2,BREZZA
67dbab510dc9badbe92b99c3,BREZZA
67dbab510dc9badbe92b99c4,BREZZA
67dbab510dc9badbe92b99c6,BREZZA
67dbab560dc9badbe92b9a25,BREZZA
67f75b4e297b3a5cefba923c,S-PRESSO
67dbab510dc9badbe92b99c7,BREZZA
67dbab510dc9badbe92b99c8,BREZZA
67dbab520dc9badbe92b99ca,BREZZA
67dbab520dc9badbe92b99cb,BREZZA
67dbab540dc9badbe92b99f6,BREZZA
67f75b4e297b3a5cefba923d,S-PRESSO
67dbab520dc9badbe92b99cc,BREZZA
67dbab520dc9badbe92b99cd,BREZZA
67dbab520dc9badbe92b99ce,BREZZA
67dbab520dc9badbe92b99cf,BREZZA
67dbab520dc9badbe92b99d2,BREZZA
67dbab580dc9badbe92b9a5a,BREZZA
67dbab520dc9badbe92b99d3,BREZZA
67dbab520dc9badbe92b99d9,BREZZA
67f75b4e297b3a5cefba923e,S-PRESSO
67dbab520dc9badbe92b99d4,BREZZA
67dbab520dc9badbe92b99d5,BREZZA
67dbab520dc9badbe92b99d6,BREZZA
67dbab520dc9badbe92b99d7,BREZZA
67dbab550dc9badbe92b9a08,BREZZA
67dbab550dc9badbe92b9a0f,BREZZA
67dbab520dc9badbe92b99d8,BREZZA
67dbab550dc9badbe92b9a15,BREZZA
67dbab550dc9badbe92b9a18,BREZZA
67dbab520dc9badbe92b99da,BREZZA
67dbab530dc9badbe92b99e0,BREZZA
67f75b4e297b3a5cefba923f,S-PRESSO
67dbab520dc9badbe92b99dc,BREZZA
67dbab530dc9badbe92b99dd,BREZZA
67dbab530dc9badbe92b99de,BREZZA
67dbab530dc9badbe92b99df,BREZZA
67dbab540dc9badbe92b9a05,BREZZA
67dbab550dc9badbe92b9a07,BREZZA
67dbab530dc9badbe92b99e1,BREZZA
67dbab530dc9badbe92b99e5,BREZZA
67dbab530dc9badbe92b99ec,BREZZA
67dbab530dc9badbe92b99e2,BREZZA
67f75b4e297b3a5cefba9240,S-PRESSO
67f75b4f297b3a5cefba9256,S-PRESSO
67dbab530dc9badbe92b99e3,BREZZA
67dbab530dc9badbe92b99e9,BREZZA
67dbab550dc9badbe92b9a13,BREZZA
67dbab530dc9badbe92b99e4,BREZZA
67dbab530dc9badbe92b99e7,BREZZA
67dbab560dc9badbe92b9a31,BREZZA
67dbab530dc9badbe92b99e6,BREZZA
67dbab530dc9badbe92b99e8,BREZZA
67dbab560dc9badbe92b9a2d,BREZZA
67dbab530dc9badbe92b99ed,BREZZA
67f75b4e297b3a5cefba9241,S-PRESSO
67f75b4e297b3a5cefba924b,S-PRESSO
67dbab530dc9badbe92b99ee,BREZZA
67dbab530dc9badbe92b99ef,BREZZA
67dbab530dc9badbe92b99f0,BREZZA
67dbab530dc9badbe92b99f1,BREZZA
67dbab540dc9badbe92b99f3,BREZZA
67f75b4e297b3a5cefba9242,S-PRESSO
67dbab540dc9badbe92b99f2,BREZZA
67f75b4e297b3a5cefba9243,S-PRESSO
67f75b4e297b3a5cefba9245,S-PRESSO
67dbab540dc9badbe92b99f4,BREZZA
67dbab560dc9badbe92b9a28,BREZZA
67dbab580dc9badbe92b9a4a,BREZZA
67dbab540dc9badbe92b99f5,BREZZA
67f75b4e297b3a5cefba9244,S-PRESSO
67f75b4f297b3a5cefba925e,S-PRESSO
67dbab540dc9badbe92b99f7,BREZZA
67f75b4e297b3a5cefba9246,S-PRESSO
67f75b52297b3a5cefba929e,S-PRESSO
67dbab540dc9badbe92b99f8,BREZZA
67dbab560dc9badbe92b9a1d,BREZZA
67dbab560dc9badbe92b9a1f,BREZZA
67dbab540dc9badbe92b99f9,BREZZA
67dbab540dc9badbe92b99fa,BREZZA
67dbab540dc9badbe92b9a01,BREZZA
67dbab540dc9badbe92b99fb,BREZZA
67dbab540dc9badbe92b99fd,BREZZA
67dbab540dc9badbe92b99fe,BREZZA
67dbab540dc9badbe92b9a00,BREZZA
67dbab540dc9badbe92b9a04,BREZZA
67dbab540dc9badbe92b9a06,BREZZA
67dbab540dc9badbe92b9a02,BREZZA
67dbab540dc9badbe92b9a03,BREZZA
67dbab550dc9badbe92b9a09,BREZZA
67dbab550dc9badbe92b9a0a,BREZZA
67dbab550dc9badbe92b9a12,BREZZA
67dbab560dc9badbe92b9a2e,BREZZA
67dbab550dc9badbe92b9a0b,BREZZA
67dbab550dc9badbe92b9a11,BREZZA
67f75b4e297b3a5cefba9247,S-PRESSO
67dbab550dc9badbe92b9a0d,BREZZA
67dbab570dc9badbe92b9a3a,BREZZA
67dbab570dc9badbe92b9a3f,BREZZA
67dbab550dc9badbe92b9a0e,BREZZA
67dbab550dc9badbe92b9a14,BREZZA
67dbab560dc9badbe92b9a26,BREZZA
67dbab550dc9badbe92b9a10,BREZZA
67dbab550dc9badbe92b9a16,BREZZA
67dbab560dc9badbe92b9a1b,BREZZA
67dbab550dc9badbe92b9a19,BREZZA
67dbab560dc9badbe92b9a23,BREZZA
67dbab580dc9badbe92b9a4e,BREZZA
67dbab550dc9badbe92b9a1a,BREZZA
67dbab560dc9badbe92b9a27,BREZZA
67dbab570dc9badbe92b9a35,BREZZA
67dbab560dc9badbe92b9a1c,BREZZA
67dbab560dc9badbe92b9a20,BREZZA
67dbab560dc9badbe92b9a24,BREZZA
67dbab560dc9badbe92b9a1e,BREZZA
67dbab560dc9badbe92b9a21,BREZZA
67dbab560dc9badbe92b9a22,BREZZA
67dbab560dc9badbe92b9a29,BREZZA
67dbab570dc9badbe92b9a38,BREZZA
67dbab570dc9badbe92b9a3b,BREZZA
67dbab560dc9badbe92b9a2a,BREZZA
67dbab560dc9badbe92b9a30,BREZZA
67dbab570dc9badbe92b9a32,BREZZA
67dbab560dc9badbe92b9a2b,BREZZA
67dbab560dc9badbe92b9a2c,BREZZA
67f75b4e297b3a5cefba9248,S-PRESSO
67dbab560dc9badbe92b9a2f,BREZZA
67dbab570dc9badbe92b9a39,BREZZA
67dbab570dc9badbe92b9a3e,BREZZA
67dbab570dc9badbe92b9a33,BREZZA
67f75b4e297b3a5cefba9249,S-PRESSO
67f75b4e297b3a5cefba924a,S-PRESSO
67dbab570dc9badbe92b9a34,BREZZA
67dbab570dc9badbe92b9a3c,BREZZA
67dbab570dc9badbe92b9a45,BREZZA
67dbab570dc9badbe92b9a37,BREZZA
67f75b4e297b3a5cefba924c,S-PRESSO
67f75b4e297b3a5cefba9250,S-PRESSO
67dbab570dc9badbe92b9a3d,BREZZA
67f75b4e297b3a5cefba924d,S-PRESSO
67f75b4e297b3a5cefba924e,S-PRESSO
67dbab570dc9badbe92b9a40,BREZZA
67dbab570dc9badbe92b9a44,BREZZA
67dbab580dc9badbe92b9a47,BREZZA
67dbab570dc9badbe92b9a41,BREZZA
67f75b4e297b3a5cefba924f,S-PRESSO
67f75b4f297b3a5cefba9252,S-PRESSO
67dbab570dc9badbe92b9a42,BREZZA
67dbab570dc9badbe92b9a46,BREZZA
67f75b4e297b3a5cefba9251,S-PRESSO
67dbab570dc9badbe92b9a43,BREZZA
67dbab580dc9badbe92b9a50,BREZZA
67dbab580dc9badbe92b9a55,BREZZA
67dbab580dc9badbe92b9a48,BREZZA
67dbab580dc9badbe92b9a4b,BREZZA
67dbab580dc9badbe92b9a4d,BREZZA
67dbab580dc9badbe92b9a49,BREZZA
67dbab580dc9badbe92b9a4c,BREZZA
67dbab580dc9badbe92b9a53,BREZZA
67dbab580dc9badbe92b9a4f,BREZZA
67dbab580dc9badbe92b9a51,BREZZA
67dbab580dc9badbe92b9a54,BREZZA
67dbab580dc9badbe92b9a52,BREZZA
67f75b4f297b3a5cefba9253,S-PRESSO
67f75b4f297b3a5cefba925c,S-PRESSO
67dbab580dc9badbe92b9a56,BREZZA
67f75b4f297b3a5cefba9254,S-PRESSO
67f75b52297b3a5cefba9297,S-PRESSO
67dbab580dc9badbe92b9a57,BREZZA
67f75b4f297b3a5cefba9255,S-PRESSO
67f75b4f297b3a5cefba9261,S-PRESSO
67dbab580dc9badbe92b9a58,BREZZA
67f75b4f297b3a5cefba9257,S-PRESSO
67f75b50297b3a5cefba926e,S-PRESSO
67dbab580dc9badbe92b9a59,BREZZA
67dbab810dc9badbe92b9a5b,ERTIGA
67dbab810dc9badbe92b9a5c,ERTIGA
67dbab810dc9badbe92b9a5d,ERTIGA
67dbab820dc9badbe92b9a5e,ERTIGA
67dbab820dc9badbe92b9a5f,ERTIGA
67dbab820dc9badbe92b9a60,ERTIGA
67dbab820dc9badbe92b9a62,ERTIGA
67dbab820dc9badbe92b9a70,ERTIGA
67dbab820dc9badbe92b9a61,ERTIGA
67dbab820dc9badbe92b9a63,ERTIGA
67dbab820dc9badbe92b9a64,ERTIGA
67dbab820dc9badbe92b9a65,ERTIGA
67dbab820dc9badbe92b9a6e,ERTIGA
67dbab8a0dc9badbe92b9b0a,ERTIGA
67dbab820dc9badbe92b9a66,ERTIGA
67dbab820dc9badbe92b9a67,ERTIGA
67dbab820dc9badbe92b9a6b,ERTIGA
67dbab820dc9badbe92b9a68,ERTIGA
67dbab820dc9badbe92b9a69,ERTIGA
67dbab820dc9badbe92b9a6a,ERTIGA
67dbab820dc9badbe92b9a6c,ERTIGA
67dbab830dc9badbe92b9a78,ERTIGA
67dbab830dc9badbe92b9a7f,ERTIGA
67dbab820dc9badbe92b9a6d,ERTIGA
67dbab820dc9badbe92b9a6f,ERTIGA
67dbab820dc9badbe92b9a71,ERTIGA
67dbab820dc9badbe92b9a72,ERTIGA
67dbab830dc9badbe92b9a73,ERTIGA
67dbab830dc9badbe92b9a74,ERTIGA
67dbab830dc9badbe92b9a75,ERTIGA
67dbab830dc9badbe92b9a83,ERTIGA
67dbab840dc9badbe92b9a8b,ERTIGA
67dbab830dc9badbe92b9a76,ERTIGA
67dbab830dc9badbe92b9a77,ERTIGA
67dbab860dc9badbe92b9ab5,ERTIGA
67dbab830dc9badbe92b9a79,ERTIGA
67dbab830dc9badbe92b9a7a,ERTIGA
67dbab830dc9badbe92b9a7b,ERTIGA
67dbab830dc9badbe92b9a7c,ERTIGA
67dbab830dc9badbe92b9a7d,ERTIGA
67dbab830dc9badbe92b9a80,ERTIGA
67dbab830dc9badbe92b9a7e,ERTIGA
67dbab840dc9badbe92b9a8e,ERTIGA
67dbab840dc9badbe92b9a90,ERTIGA
67dbab830dc9badbe92b9a81,ERTIGA
67dbab830dc9badbe92b9a82,ERTIGA
67dbab840dc9badbe92b9a88,ERTIGA
67dbab830dc9badbe92b9a84,ERTIGA
67dbab840dc9badbe92b9a8c,ERTIGA
67dbab840dc9badbe92b9a98,ERTIGA
67dbab830dc9badbe92b9a85,ERTIGA
67dbab840dc9badbe92b9a87,ERTIGA
67dbab840dc9badbe92b9a91,ERTIGA
67dbab830dc9badbe92b9a86,ERTIGA
67dbab840dc9badbe92b9a89,ERTIGA
67dbab840dc9badbe92b9a8a,ERTIGA
67dbab840dc9badbe92b9a8d,ERTIGA
67dbab840dc9badbe92b9a8f,ERTIGA
67dbab840dc9badbe92b9a92,ERTIGA
67dbab840dc9badbe92b9a93,ERTIGA
67dbab850dc9badbe92b9aa4,ERTIGA
67dbab850dc9badbe92b9ab2,ERTIGA
67dbab840dc9badbe92b9a94,ERTIGA
67dbab840dc9badbe92b9a99,ERTIGA
67dbab840dc9badbe92b9a9a,ERTIGA
67dbab840dc9badbe92b9a95,ERTIGA
67dbab840dc9badbe92b9a97,ERTIGA
67dbab860dc9badbe92b9aba,ERTIGA
67dbab840dc9badbe92b9a96,ERTIGA
67dbab850dc9badbe92b9a9d,ERTIGA
67dbab850dc9badbe92b9a9f,ERTIGA
67dbab840dc9badbe92b9a9b,ERTIGA
67dbab850dc9badbe92b9a9e,ERTIGA
67dbab850dc9badbe92b9aa1,ERTIGA
67dbab850dc9badbe92b9a9c,ERTIGA
67dbab850dc9badbe92b9aa3,ERTIGA
67dbab850dc9badbe92b9ab0,ERTIGA
67dbab850dc9badbe92b9aa0,ERTIGA
67dbab850dc9badbe92b9aa7,ERTIGA
67dbab850dc9badbe92b9aa8,ERTIGA
67dbab850dc9badbe92b9aa2,ERTIGA
67dbab860dc9badbe92b9ac4,ERTIGA
67dbab870dc9badbe92b9acf,ERTIGA
67dbab850dc9badbe92b9aa5,ERTIGA
67dbab850dc9badbe92b9aa6,ERTIGA
67dbab850dc9badbe92b9aa9,ERTIGA
67dbab850dc9badbe92b9aaa,ERTIGA
67dbab850dc9badbe92b9aab,ERTIGA
67dbab850dc9badbe92b9aad,ERTIGA
67dbab850dc9badbe92b9aac,ERTIGA
67dbab850dc9badbe92b9aaf,ERTIGA
67dbab850dc9badbe92b9ab3,ERTIGA
67dbab850dc9badbe92b9aae,ERTIGA
67dbab850dc9badbe92b9ab1,ERTIGA
67dbab860dc9badbe92b9ab9,ERTIGA
67dbab860dc9badbe92b9ab4,ERTIGA
67dbab860dc9badbe92b9ac6,ERTIGA
67dbab870dc9badbe92b9acb,ERTIGA
67dbab860dc9badbe92b9ab6,ERTIGA
67dbab860dc9badbe92b9ab7,ERTIGA
67dbab860dc9badbe92b9ab8,ERTIGA
67dbab860dc9badbe92b9abb,ERTIGA
67dbab860dc9badbe92b9abd,ERTIGA
67dbab860dc9badbe92b9ac1,ERTIGA
67dbab860dc9badbe92b9abc,ERTIGA
67dbab860dc9badbe92b9ac3,ERTIGA
67dbab860dc9badbe92b9ac5,ERTIGA
67dbab860dc9badbe92b9abe,ERTIGA
67dbab870dc9badbe92b9aca,ERTIGA
67dbab870dc9badbe92b9ad0,ERTIGA
67dbab860dc9badbe92b9abf,ERTIGA
67dbab860dc9badbe92b9ac0,ERTIGA
67dbab870dc9badbe92b9ace,ERTIGA
67dbab860dc9badbe92b9ac2,ERTIGA
67dbab880dc9badbe92b9ae4,ERTIGA
67dbab890dc9badbe92b9b05,ERTIGA
67dbab860dc9badbe92b9ac7,ERTIGA
67dbab860dc9badbe92b9ac8,ERTIGA
67dbab880dc9badbe92b9aeb,ERTIGA
67dbab870dc9badbe92b9ac9,ERTIGA
67dbab870dc9badbe92b9acd,ERTIGA
67dbab870dc9badbe92b9ad9,ERTIGA
67dbab870dc9badbe92b9acc,ERTIGA
67dbab880dc9badbe92b9aed,ERTIGA
67dbab880dc9badbe92b9af1,ERTIGA
67dbab870dc9badbe92b9ad1,ERTIGA
67dbab870dc9badbe92b9add,ERTIGA
67dbab880dc9badbe92b9adf,ERTIGA
67dbab870dc9badbe92b9ad2,ERTIGA
67dbab870dc9badbe92b9ad4,ERTIGA
67dbab870dc9badbe92b9ad5,ERTIGA
67dbab870dc9badbe92b9ad3,ERTIGA
67dbab870dc9badbe92b9ad7,ERTIGA
67dbab870dc9badbe92b9ad8,ERTIGA
67dbab870dc9badbe92b9ad6,ERTIGA
67dbab890dc9badbe92b9afd,ERTIGA
67dbab890dc9badbe92b9aff,ERTIGA
67dbab870dc9badbe92b9ada,ERTIGA
67dbab870dc9badbe92b9adb,ERTIGA
67dbab870dc9badbe92b9adc,ERTIGA
67dbab880dc9badbe92b9ade,ERTIGA
67dbab890dc9badbe92b9afe,ERTIGA
67dbaba50dc9badbe92b9b47,SWIFT
67dbab880dc9badbe92b9ae0,ERTIGA
67dbab880dc9badbe92b9ae1,ERTIGA
67dbab880dc9badbe92b9ae5,ERTIGA
67dbab880dc9badbe92b9ae2,ERTIGA
67dbab880dc9badbe92b9ae6,ERTIGA
67dbab880dc9badbe92b9ae8,ERTIGA
67dbab880dc9badbe92b9ae3,ERTIGA
67dbab880dc9badbe92b9ae7,ERTIGA
67dbab880dc9badbe92b9af0,ERTIGA
67dbab880dc9badbe92b9ae9,ERTIGA
67dbab880dc9badbe92b9aee,ERTIGA
67dbab880dc9badbe92b9af2,ERTIGA
67dbab880dc9badbe92b9aea,ERTIGA
67dbab880dc9badbe92b9aef,ERTIGA
67dbab8a0dc9badbe92b9b0d,ERTIGA
67dbab880dc9badbe92b9aec,ERTIGA
67dbab880dc9badbe92b9af3,ERTIGA
67dbab890dc9badbe92b9b08,ERTIGA
67dbab890dc9badbe92b9af4,ERTIGA
67dbab890dc9badbe92b9af9,ERTIGA
67dbab8b0dc9badbe92b9b21,ERTIGA
67dbab890dc9badbe92b9af5,ERTIGA
67dbab8a0dc9badbe92b9b1b,ERTIGA
67dbabb60dc9badbe92b9c99,SWIFT
67dbab890dc9badbe92b9af6,ERTIGA
67dbab890dc9badbe92b9af8,ERTIGA
67dbab890dc9badbe92b9afb,ERTIGA
67dbab890dc9badbe92b9af7,ERTIGA
67dbab890dc9badbe92b9afa,ERTIGA
67dbab890dc9badbe92b9afc,ERTIGA
67dbab890dc9badbe92b9b00,ERTIGA
67dbab890dc9badbe92b9b04,ERTIGA
67f75b4f297b3a5cefba9258,S-PRESSO
67dbab890dc9badbe92b9b01,ERTIGA
67dbab8b0dc9badbe92b9b2e,ERTIGA
67dbab8b0dc9badbe92b9b2f,ERTIGA
67dbab890dc9badbe92b9b02,ERTIGA
67dbab890dc9badbe92b9b03,ERTIGA
67dbab8c0dc9badbe92b9b35,ERTIGA
67dbab890dc9badbe92b9b06,ERTIGA
67dbab890dc9badbe92b9b07,ERTIGA
67dbabaa0dc9badbe92b9ba9,SWIFT
67dbab8a0dc9badbe92b9b09,ERTIGA
67dbab8a0dc9badbe92b9b15,ERTIGA
67dbab8a0dc9badbe92b9b17,ERTIGA
67dbab8a0dc9badbe92b9b0b,ERTIGA
67dbab8a0dc9badbe92b9b0c,ERTIGA
67dbab8a0dc9badbe92b9b12,ERTIGA
67dbab8a0dc9badbe92b9b0e,ERTIGA
67dbab8a0dc9badbe92b9b11,ERTIGA
67dbab8a0dc9badbe92b9b19,ERTIGA
67dbab8a0dc9badbe92b9b0f,ERTIGA
67dbab8a0dc9badbe92b9b10,ERTIGA
67dbab8b0dc9badbe92b9b2d,ERTIGA
67dbab8a0dc9badbe92b9b13,ERTIGA
67dbab8a0dc9badbe92b9b14,ERTIGA
67dbab8a0dc9badbe92b9b16,ERTIGA
67dbab8a0dc9badbe92b9b18,ERTIGA
67dbab8b0dc9badbe92b9b20,ERTIGA
67dbab8b0dc9badbe92b9b22,ERTIGA
67dbab8a0dc9badbe92b9b1a,ERTIGA
67dbab8a0dc9badbe92b9b1d,ERTIGA
67dbab8a0dc9badbe92b9b1e,ERTIGA
67dbab8a0dc9badbe92b9b1c,ERTIGA
67dbab8b0dc9badbe92b9b24,ERTIGA
67dbab8b0dc9badbe92b9b27,ERTIGA
67dbab8b0dc9badbe92b9b1f,ERTIGA
67dbab8c0dc9badbe92b9b33,ERTIGA
67dbab8c0dc9badbe92b9b3b,ERTIGA
67dbab8b0dc9badbe92b9b23,ERTIGA
67dbab8b0dc9badbe92b9b31,ERTIGA
67dbab8c0dc9badbe92b9b34,ERTIGA
67dbab8b0dc9badbe92b9b25,ERTIGA
67dbab8b0dc9badbe92b9b2b,ERTIGA
67dbab8c0dc9badbe92b9b3d,ERTIGA
67dbab8b0dc9badbe92b9b26,ERTIGA
67dbab8b0dc9badbe92b9b29,ERTIGA
67dbab8b0dc9badbe92b9b2a,ERTIGA
67dbab8b0dc9badbe92b9b28,ERTIGA
67dbab8c0dc9badbe92b9b3c,ERTIGA
67dbab8c0dc9badbe92b9b43,ERTIGA
67dbab8b0dc9badbe92b9b2c,ERTIGA
67dbaba90dc9badbe92b9b94,SWIFT
67dbabaa0dc9badbe92b9bab,SWIFT
67dbab8b0dc9badbe92b9b30,ERTIGA
67dbab8c0dc9badbe92b9b32,ERTIGA
67dbab8c0dc9badbe92b9b3a,ERTIGA
67dbab8c0dc9badbe92b9b36,ERTIGA
67dbab8c0dc9badbe92b9b37,ERTIGA
67dbab8c0dc9badbe92b9b38,ERTIGA
67dbab8c0dc9badbe92b9b39,ERTIGA
67dbaba80dc9badbe92b9b8c,SWIFT
67dbabb10dc9badbe92b9c32,SWIFT
67dbab8c0dc9badbe92b9b3e,ERTIGA
67dbabab0dc9badbe92b9bbb,SWIFT
67dbabac0dc9badbe92b9bd4,SWIFT
67dbab8c0dc9badbe92b9b3f,ERTIGA
67dbab8c0dc9badbe92b9b41,ERTIGA
67dbaba60dc9badbe92b9b56,SWIFT
67dbab8c0dc9badbe92b9b40,ERTIGA
67dbab8c0dc9badbe92b9b42,ERTIGA
67dbaba90dc9badbe92b9b95,SWIFT
67dbab8c0dc9badbe92b9b44,ERTIGA
67dbab8c0dc9badbe92b9b45,ERTIGA
67dbabb60dc9badbe92b9c9b,SWIFT
67dbaba50dc9badbe92b9b46,SWIFT
67dbaba50dc9badbe92b9b48,SWIFT
67dbaba50dc9badbe92b9b49,SWIFT
67dbaba50dc9badbe92b9b4a,SWIFT
67dbaba50dc9badbe92b9b4b,SWIFT
67dbaba50dc9badbe92b9b4c,SWIFT
67dbaba50dc9badbe92b9b4d,SWIFT
67dbaba50dc9badbe92b9b4e,SWIFT
67dbaba50dc9badbe92b9b4f,SWIFT
67dbaba50dc9badbe92b9b50,SWIFT
67dbaba50dc9badbe92b9b52,SWIFT
67dbaba60dc9badbe92b9b57,SWIFT
67dbaba50dc9badbe92b9b51,SWIFT
67dbaba70dc9badbe92b9b6e,SWIFT
67dbaba80dc9badbe92b9b7b,SWIFT
67dbaba60dc9badbe92b9b53,SWIFT
67dbaba60dc9badbe92b9b54,SWIFT
67dbaba60dc9badbe92b9b55,SWIFT
67dbaba60dc9badbe92b9b58,SWIFT
67dbaba80dc9badbe92b9b84,SWIFT
67dbaba80dc9badbe92b9b8a,SWIFT
67dbaba60dc9badbe92b9b59,SWIFT
67dbaba70dc9badbe92b9b77,SWIFT
67dbaba80dc9badbe92b9b7d,SWIFT
67dbaba60dc9badbe92b9b5a,SWIFT
67dbaba60dc9badbe92b9b61,SWIFT
67dbaba70dc9badbe92b9b71,SWIFT
67dbaba60dc9badbe92b9b5b,SWIFT
67dbaba60dc9badbe92b9b5c,SWIFT
67dbaba60dc9badbe92b9b5f,SWIFT
67dbaba60dc9badbe92b9b5d,SWIFT
67dbaba60dc9badbe92b9b5e,SWIFT
67dbaba60dc9badbe92b9b60,SWIFT
67dbaba60dc9badbe92b9b62,SWIFT
67dbaba60dc9badbe92b9b63,SWIFT
67dbaba60dc9badbe92b9b64,SWIFT
67dbaba60dc9badbe92b9b65,SWIFT
67dbaba60dc9badbe92b9b66,SWIFT
67dbaba60dc9badbe92b9b67,SWIFT
67dbaba70dc9badbe92b9b68,SWIFT
67dbaba70dc9badbe92b9b6a,SWIFT
67dbaba70dc9badbe92b9b6d,SWIFT
67dbaba70dc9badbe92b9b69,SWIFT
67dbaba70dc9badbe92b9b79,SWIFT
67dbaba70dc9badbe92b9b7a,SWIFT
67dbaba70dc9badbe92b9b6b,SWIFT
67dbaba70dc9badbe92b9b6c,SWIFT
67dbaba70dc9badbe92b9b72,SWIFT
67dbaba70dc9badbe92b9b6f,SWIFT
67dbaba70dc9badbe92b9b70,SWIFT
67dbaba70dc9badbe92b9b73,SWIFT
67dbaba70dc9badbe92b9b74,SWIFT
67dbaba90dc9badbe92b9b9b,SWIFT
67dbabb00dc9badbe92b9c22,SWIFT
67dbaba70dc9badbe92b9b75,SWIFT
67dbaba70dc9badbe92b9b78,SWIFT
67dbaba90dc9badbe92b9b92,SWIFT
67dbaba70dc9badbe92b9b76,SWIFT
67dbabab0dc9badbe92b9bb5,SWIFT
67dbabab0dc9badbe92b9bb7,SWIFT
67dbaba80dc9badbe92b9b7c,SWIFT
67dbabab0dc9badbe92b9bb2,SWIFT
67dbabb20dc9badbe92b9c47,SWIFT
67dbaba80dc9badbe92b9b7e,SWIFT
67dbabaa0dc9badbe92b9ba2,SWIFT
67dbabaa0dc9badbe92b9ba3,SWIFT
67dbaba80dc9badbe92b9b7f,SWIFT
67f75b4f297b3a5cefba9259,S-PRESSO
67f75b52297b3a5cefba9294,S-PRESSO
67dbaba80dc9badbe92b9b80,SWIFT
67dbaba80dc9badbe92b9b83,SWIFT
67dbaba80dc9badbe92b9b89,SWIFT
67dbaba80dc9badbe92b9b81,SWIFT
67dbaba80dc9badbe92b9b8d,SWIFT
67dbaba90dc9badbe92b9b90,SWIFT
67dbaba80dc9badbe92b9b82,SWIFT
67dbaba80dc9badbe92b9b85,SWIFT
67dbaba90dc9badbe92b9b8f,SWIFT
67dbaba80dc9badbe92b9b86,SWIFT
67dbaba80dc9badbe92b9b87,SWIFT
67dbabb60dc9badbe92b9c9f,SWIFT
67dbaba80dc9badbe92b9b88,SWIFT
67dbabb00dc9badbe92b9c2a,SWIFT
67dbabb50dc9badbe92b9c8c,SWIFT
67dbaba80dc9badbe92b9b8b,SWIFT
67dbaba80dc9badbe92b9b8e,SWIFT
67dbaba90dc9badbe92b9b96,SWIFT
67dbaba90dc9badbe92b9b91,SWIFT
67dbaba90dc9badbe92b9b93,SWIFT
67dbabaa0dc9badbe92b9bad,SWIFT
67dbaba90dc9badbe92b9b97,SWIFT
67dbaba90dc9badbe92b9b98,SWIFT
67dbabab0dc9badbe92b9bb4,SWIFT
67dbaba90dc9badbe92b9b99,SWIFT
67dbabaf0dc9badbe92b9c17,SWIFT
67dbabb10dc9badbe92b9c33,SWIFT
67dbaba90dc9badbe92b9b9a,SWIFT
67dbabb10dc9badbe92b9c34,SWIFT
67dbabb10dc9badbe92b9c37,SWIFT
67dbaba90dc9badbe92b9b9c,SWIFT
67dbaba90dc9badbe92b9b9d,SWIFT
67dbabb00dc9badbe92b9c24,SWIFT
67dbaba90dc9badbe92b9b9e,SWIFT
67dbaba90dc9badbe92b9b9f,SWIFT
67dbaba90dc9badbe92b9ba0,SWIFT
67dbabaa0dc9badbe92b9ba1,SWIFT
67dbabaa0dc9badbe92b9ba8,SWIFT
67dbabaa0dc9badbe92b9baf,SWIFT
67dbabaa0dc9badbe92b9ba4,SWIFT
67dbabad0dc9badbe92b9be5,SWIFT
67dbabad0dc9badbe92b9be8,SWIFT
67dbabaa0dc9badbe92b9ba5,SWIFT
67dbabaa0dc9badbe92b9bac,SWIFT
67dbabab0dc9badbe92b9bbe,SWIFT
67dbabaa0dc9badbe92b9ba6,SWIFT
67dbabab0dc9badbe92b9bb8,SWIFT
67dbabab0dc9badbe92b9bb9,SWIFT
67dbabaa0dc9badbe92b9ba7,SWIFT
67dbabaa0dc9badbe92b9baa,SWIFT
67dbabab0dc9badbe92b9bbc,SWIFT
67dbabaa0dc9badbe92b9bae,SWIFT
67dbabb00dc9badbe92b9c1d,SWIFT
67dbabb20dc9badbe92b9c4d,SWIFT
67dbabaa0dc9badbe92b9bb0,SWIFT
67dbabaa0dc9badbe92b9bb1,SWIFT
67dbabaf0dc9badbe92b9c11,SWIFT
67dbabab0dc9badbe92b9bb3,SWIFT
67dbabab0dc9badbe92b9bb6,SWIFT
67dbabae0dc9badbe92b9bf2,SWIFT
67dbabab0dc9badbe92b9bba,SWIFT
67dbabab0dc9badbe92b9bbd,SWIFT
67dbabab0dc9badbe92b9bbf,SWIFT
67dbabab0dc9badbe92b9bc0,SWIFT
67dbabab0dc9badbe92b9bc1,SWIFT
67dbabab0dc9badbe92b9bc3,SWIFT
67dbabab0dc9badbe92b9bc2,SWIFT
67dbabab0dc9badbe92b9bc4,SWIFT
67dbabab0dc9badbe92b9bc5,SWIFT
67dbabac0dc9badbe92b9bc6,SWIFT
67dbabac0dc9badbe92b9bc8,SWIFT
67dbabad0dc9badbe92b9bdd,SWIFT
67dbabac0dc9badbe92b9bc7,SWIFT
67dbabac0dc9badbe92b9bcc,SWIFT
67dbabac0dc9badbe92b9bcd,SWIFT
67dbabac0dc9badbe92b9bc9,SWIFT
67dbabac0dc9badbe92b9bcb,SWIFT
67dbabad0dc9badbe92b9bef,SWIFT
67dbabac0dc9badbe92b9bca,SWIFT
67dbabad0dc9badbe92b9beb,SWIFT
67dbabad0dc9badbe92b9bed,SWIFT
67dbabac0dc9badbe92b9bce,SWIFT
67dbabac0dc9badbe92b9bd0,SWIFT
67dbabac0dc9badbe92b9bd1,SWIFT
67dbabac0dc9badbe92b9bcf,SWIFT
67dbabac0dc9badbe92b9bd3,SWIFT
67dbabac0dc9badbe92b9bd7,SWIFT
67dbabac0dc9badbe92b9bd2,SWIFT
67dbabac0dc9badbe92b9bd9,SWIFT
67dbabad0dc9badbe92b9bdf,SWIFT
67dbabac0dc9badbe92b9bd5,SWIFT
67dbabac0dc9badbe92b9bd6,SWIFT
67dbabac0dc9badbe92b9bd8,SWIFT
67dbabac0dc9badbe92b9bda,SWIFT
67dbabac0dc9badbe92b9bdc,SWIFT
67dbabae0dc9badbe92b9bf7,SWIFT
67dbabac0dc9badbe92b9bdb,SWIFT
67dbabae0dc9badbe92b9c04,SWIFT
67dbabae0dc9badbe92b9c05,SWIFT
67dbabad0dc9badbe92b9bde,SWIFT
67dbabae0dc9badbe92b9bff,SWIFT
67dbabae0dc9badbe92b9c01,SWIFT
67dbabad0dc9badbe92b9be0,SWIFT
67dbabad0dc9badbe92b9be2,SWIFT
67dbabad0dc9badbe92b9be6,SWIFT
67dbabad0dc9badbe92b9be1,SWIFT
67dbabaf0dc9badbe92b9c0d,SWIFT
67dbabaf0dc9badbe92b9c19,SWIFT
67dbabad0dc9badbe92b9be3,SWIFT
67dbabad0dc9badbe92b9be4,SWIFT
67dbabae0dc9badbe92b9c00,SWIFT
67dbabad0dc9badbe92b9be7,SWIFT
67dbabad0dc9badbe92b9be9,SWIFT
67dbabad0dc9badbe92b9bec,SWIFT
67dbabad0dc9badbe92b9bea,SWIFT
67dbabad0dc9badbe92b9bf0,SWIFT
67dbabad0dc9badbe92b9bf1,SWIFT
67dbabad0dc9badbe92b9bee,SWIFT
67dbabaf0dc9badbe92b9c16,SWIFT
67dbabb60dc9badbe92b9ca5,SWIFT
67dbabae0dc9badbe92b9bf3,SWIFT
67dbabae0dc9badbe92b9bf5,SWIFT
67dbabae0dc9badbe92b9bfa,SWIFT
67dbabae0dc9badbe92b9bf4,SWIFT
67dbabae0dc9badbe92b9bf6,SWIFT
67dbabb60dc9badbe92b9c9d,SWIFT
67dbabae0dc9badbe92b9bf8,SWIFT
67dbabaf0dc9badbe92b9c09,SWIFT
67dbabb20dc9badbe92b9c45,SWIFT
67dbabae0dc9badbe92b9bf9,SWIFT
67dbabae0dc9badbe92b9bfe,SWIFT
67dbabae0dc9badbe92b9c07,SWIFT
67dbabae0dc9badbe92b9bfb,SWIFT
67dbabaf0dc9badbe92b9c0a,SWIFT
67dbabaf0dc9badbe92b9c0c,SWIFT
67dbabae0dc9badbe92b9bfc,SWIFT
67dbabae0dc9badbe92b9bfd,SWIFT
67dbabaf0dc9badbe92b9c0e,SWIFT
67dbabae0dc9badbe92b9c02,SWIFT
67dbabae0dc9badbe92b9c08,SWIFT
67dbabb00dc9badbe92b9c1f,SWIFT
67dbabae0dc9badbe92b9c03,SWIFT
67dbabaf0dc9badbe92b9c1b,SWIFT
67dbabb10dc9badbe92b9c35,SWIFT
67dbabae0dc9badbe92b9c06,SWIFT
67dbabaf0dc9badbe92b9c0f,SWIFT
67dbabb50dc9badbe92b9c95,SWIFT
67dbabaf0dc9badbe92b9c0b,SWIFT
67dbabaf0dc9badbe92b9c13,SWIFT
67dbabaf0dc9badbe92b9c14,SWIFT
67dbabaf0dc9badbe92b9c10,SWIFT
67dbabb10dc9badbe92b9c3c,SWIFT
67dbabb10dc9badbe92b9c3e,SWIFT
67dbabaf0dc9badbe92b9c12,SWIFT
67dbabb50dc9badbe92b9c85,SWIFT
67f75b4f297b3a5cefba925a,S-PRESSO
67dbabaf0dc9badbe92b9c15,SWIFT
67dbabb00dc9badbe92b9c26,SWIFT
67dbabb00dc9badbe92b9c27,SWIFT
67dbabaf0dc9badbe92b9c18,SWIFT
67dbabaf0dc9badbe92b9c1a,SWIFT
67dbabb40dc9badbe92b9c79,SWIFT
67dbabaf0dc9badbe92b9c1c,SWIFT
67dbabb00dc9badbe92b9c25,SWIFT
67dbabb00dc9badbe92b9c2c,SWIFT
67dbabb00dc9badbe92b9c1e,SWIFT
67f75b4f297b3a5cefba925b,S-PRESSO
67f75b51297b3a5cefba9280,S-PRESSO
67dbabb00dc9badbe92b9c20,SWIFT
67dbabb00dc9badbe92b9c21,SWIFT
67dbabb10dc9badbe92b9c38,SWIFT
67dbabb00dc9badbe92b9c23,SWIFT
67dbabb10dc9badbe92b9c36,SWIFT
67dbabb10dc9badbe92b9c40,SWIFT
67dbabb00dc9badbe92b9c28,SWIFT
67dbabb10dc9badbe92b9c41,SWIFT
67dbabb40dc9badbe92b9c7c,SWIFT
67dbabb00dc9badbe92b9c29,SWIFT
67dbabb00dc9badbe92b9c2f,SWIFT
67dbabb40dc9badbe92b9c83,SWIFT
67dbabb00dc9badbe92b9c2b,SWIFT
67f75b4f297b3a5cefba925d,S-PRESSO
67f75b52297b3a5cefba9298,S-PRESSO
67dbabb00dc9badbe92b9c2d,SWIFT
67dbabb00dc9badbe92b9c30,SWIFT
67dbabb10dc9badbe92b9c43,SWIFT
67dbabb00dc9badbe92b9c2e,SWIFT
67dbabb50dc9badbe92b9c8d,SWIFT
67f75b4f297b3a5cefba925f,S-PRESSO
67dbabb10dc9badbe92b9c31,SWIFT
67dbabb30dc9badbe92b9c61,SWIFT
67dbabb30dc9badbe92b9c65,SWIFT
67dbabb10dc9badbe92b9c39,SWIFT
67dbabb10dc9badbe92b9c3b,SWIFT
67dbabb10dc9badbe92b9c42,SWIFT
67dbabb10dc9badbe92b9c3a,SWIFT
67dbabb10dc9badbe92b9c3d,SWIFT
67dbabb20dc9badbe92b9c4b,SWIFT
67dbabb10dc9badbe92b9c3f,SWIFT
67dbabb20dc9badbe92b9c49,SWIFT
67dbabb30dc9badbe92b9c5d,SWIFT
67dbabb10dc9badbe92b9c44,SWIFT
67dbabb20dc9badbe92b9c46,SWIFT
67dbabb20dc9badbe92b9c5a,SWIFT
67dbabb20dc9badbe92b9c48,SWIFT
67dbabb20dc9badbe92b9c4a,SWIFT
67dbabb20dc9badbe92b9c51,SWIFT
67dbabb20dc9badbe92b9c4c,SWIFT
67dbabb20dc9badbe92b9c52,SWIFT
67dbabb20dc9badbe92b9c55,SWIFT
67dbabb20dc9badbe92b9c4e,SWIFT
67dbabb20dc9badbe92b9c53,SWIFT
67dbabb30dc9badbe92b9c5b,SWIFT
67dbabb20dc9badbe92b9c4f,SWIFT
67dbabb30dc9badbe92b9c5e,SWIFT
67dbabb30dc9badbe92b9c62,SWIFT
67dbabb20dc9badbe92b9c50,SWIFT
67dbabb20dc9badbe92b9c58,SWIFT
67f75b4f297b3a5cefba9260,S-PRESSO
67dbabb20dc9badbe92b9c54,SWIFT
67dbabb30dc9badbe92b9c6b,SWIFT
67dbabb40dc9badbe92b9c82,SWIFT
67dbabb20dc9badbe92b9c56,SWIFT
67dbabb20dc9badbe92b9c59,SWIFT
67dbabb30dc9badbe92b9c6a,SWIFT
67dbabb20dc9badbe92b9c57,SWIFT
67dbabb40dc9badbe92b9c7f,SWIFT
67dbabb40dc9badbe92b9c81,SWIFT
67dbabb30dc9badbe92b9c5c,SWIFT
67dbabb40dc9badbe92b9c75,SWIFT
67f75b4f297b3a5cefba9262,S-PRESSO
67dbabb30dc9badbe92b9c5f,SWIFT
67dbabb30dc9badbe92b9c67,SWIFT
67dbabb30dc9badbe92b9c6e,SWIFT
67dbabb30dc9badbe92b9c60,SWIFT
67dbabb30dc9badbe92b9c64,SWIFT
67dbabb30dc9badbe92b9c68,SWIFT
67dbabb30dc9badbe92b9c63,SWIFT
67dbabb30dc9badbe92b9c66,SWIFT
67dbabb30dc9badbe92b9c6c,SWIFT
67dbabb30dc9badbe92b9c69,SWIFT
67dbabb30dc9badbe92b9c6d,SWIFT
67dbabb30dc9badbe92b9c6f,SWIFT
67dbabb40dc9badbe92b9c70,SWIFT
67dbabb40dc9badbe92b9c71,SWIFT
67dbabb50dc9badbe92b9c97,SWIFT
67dbabb40dc9badbe92b9c72,SWIFT
67dbabb40dc9badbe92b9c74,SWIFT
67dbabb40dc9badbe92b9c76,SWIFT
67dbabb40dc9badbe92b9c73,SWIFT
67dbabb40dc9badbe92b9c7a,SWIFT
67f75b4f297b3a5cefba9263,S-PRESSO
67dbabb40dc9badbe92b9c77,SWIFT
67dbabb40dc9badbe92b9c7d,SWIFT
67f75b4f297b3a5cefba9264,S-PRESSO
67dbabb40dc9badbe92b9c78,SWIFT
67dbabb50dc9badbe92b9c90,SWIFT
67dbabb50dc9badbe92b9c92,SWIFT
67dbabb40dc9badbe92b9c7b,SWIFT
67f75b4f297b3a5cefba9265,S-PRESSO
67f75b50297b3a5cefba9269,S-PRESSO
67dbabb40dc9badbe92b9c7e,SWIFT
67dbabbd0dc9badbe92b9ca9,CELERIO
67f75b4f297b3a5cefba9266,S-PRESSO
67dbabb40dc9badbe92b9c80,SWIFT
67dbabb50dc9badbe92b9c86,SWIFT
67dbabb50dc9badbe92b9c87,SWIFT
67dbabb50dc9badbe92b9c84,SWIFT
67dbabb60dc9badbe92b9c9a,SWIFT
67f75b4f297b3a5cefba9267,S-PRESSO
67dbabb50dc9badbe92b9c88,SWIFT
67dbabbd0dc9badbe92b9ca8,CELERIO
67f75b50297b3a5cefba9268,S-PRESSO
67dbabb50dc9badbe92b9c89,SWIFT
67dbabb50dc9badbe92b9c8e,SWIFT
67dbabb50dc9badbe92b9c91,SWIFT
67dbabb50dc9badbe92b9c8a,SWIFT
67dbabb50dc9badbe92b9c8f,SWIFT
67dbabb50dc9badbe92b9c94,SWIFT
67dbabb50dc9badbe92b9c8b,SWIFT
67f75b50297b3a5cefba926a,S-PRESSO
67dbabb50dc9badbe92b9c93,SWIFT
67f75b50297b3a5cefba926b,S-PRESSO
67dbabb50dc9badbe92b9c96,SWIFT
67dbabbd0dc9badbe92b9cae,CELERIO
67f75b50297b3a5cefba926c,S-PRESSO
67dbabb50dc9badbe92b9c98,SWIFT
67dbabbd0dc9badbe92b9cad,CELERIO
67f75b50297b3a5cefba926d,S-PRESSO
67dbabb60dc9badbe92b9c9c,SWIFT
67dbabb60dc9badbe92b9ca4,SWIFT
67f75b50297b3a5cefba926f,S-PRESSO
67dbabb60dc9badbe92b9c9e,SWIFT
67f75b50297b3a5cefba9271,S-PRESSO
67f75b52297b3a5cefba929d,S-PRESSO
67dbabb60dc9badbe92b9ca0,SWIFT
67dbabb60dc9badbe92b9ca3,SWIFT
67f75b50297b3a5cefba9272,S-PRESSO
67dbabb60dc9badbe92b9ca1,SWIFT
67f75b50297b3a5cefba9273,S-PRESSO
67f75b51297b3a5cefba928b,S-PRESSO
67dbabb60dc9badbe92b9ca2,SWIFT
67dbabb60dc9badbe92b9ca6,SWIFT
67dbabbd0dc9badbe92b9ca7,CELERIO
67dbabbd0dc9badbe92b9caa,CELERIO
67f75b50297b3a5cefba9274,S-PRESSO
67f75b54297b3a5cefba92c1,S-PRESSO
67dbabbd0dc9badbe92b9cab,CELERIO
67dbabbd0dc9badbe92b9cac,CELERIO
67dbabbd0dc9badbe92b9caf,CELERIO
67dbabbd0dc9badbe92b9cb0,CELERIO
67dbabbd0dc9badbe92b9cb1,CELERIO
67dbabbd0dc9badbe92b9cb2,CELERIO
67dbabbd0dc9badbe92b9cb3,CELERIO
67dbabbd0dc9badbe92b9cb4,CELERIO
67dbabc70dc9badbe92b9d73,CELERIO
67dbabbd0dc9badbe92b9cb5,CELERIO
67dbabbd0dc9badbe92b9cb6,CELERIO
67dbabbd0dc9badbe92b9cb7,CELERIO
67dbabbd0dc9badbe92b9cb8,CELERIO
67dbabbe0dc9badbe92b9cb9,CELERIO
67dbabbe0dc9badbe92b9cba,CELERIO
67dbabbe0dc9badbe92b9cbb,CELERIO
67dbabbe0dc9badbe92b9cbc,CELERIO
67dbabbe0dc9badbe92b9cbe,CELERIO
67dbabbe0dc9badbe92b9cbd,CELERIO
67dbabbe0dc9badbe92b9cbf,CELERIO
67dbabbe0dc9badbe92b9cc0,CELERIO
67dbabbe0dc9badbe92b9cc1,CELERIO
67dbabbe0dc9badbe92b9cc4,CELERIO
67dbabbf0dc9badbe92b9ccf,CELERIO
67dbabbe0dc9badbe92b9cc2,CELERIO
67dbabbf0dc9badbe92b9ccd,CELERIO
67dbabbf0dc9badbe92b9cdc,CELERIO
67dbabbe0dc9badbe92b9cc3,CELERIO
67dbabbe0dc9badbe92b9cc9,CELERIO
67dbabbe0dc9badbe92b9ccc,CELERIO
67dbabbe0dc9badbe92b9cc5,CELERIO
67dbabbe0dc9badbe92b9cc6,CELERIO
67dbabbe0dc9badbe92b9cc7,CELERIO
67dbabbe0dc9badbe92b9cc8,CELERIO
67dbabe60dc9badbe92b9e8b,JIMNY
67dbabf00dc9badbe92b9edd,CIAZ
67dbabbe0dc9badbe92b9cca,CELERIO
67dbabbe0dc9badbe92b9ccb,CELERIO
67dbabbf0dc9badbe92b9cce,CELERIO
67dbabbf0dc9badbe92b9cd0,CELERIO
67dbabbf0dc9badbe92b9cd5,CELERIO
67dbabbf0dc9badbe92b9cda,CELERIO
67dbabbf0dc9badbe92b9cd1,CELERIO
67dbabc30dc9badbe92b9d22,CELERIO
67dbabc40dc9badbe92b9d3a,CELERIO
67dbabbf0dc9badbe92b9cd2,CELERIO
67dbabbf0dc9badbe92b9cd9,CELERIO
67dbabbf0dc9badbe92b9cd6,CELERIO
67dbabbf0dc9badbe92b9cde,CELERIO
67dbabbf0dc9badbe92b9cd3,CELERIO
67dbabbf0dc9badbe92b9cd4,CELERIO
67dbabc20dc9badbe92b9d0f,CELERIO
67dbabbf0dc9badbe92b9cd7,CELERIO
67dbabbf0dc9badbe92b9cdb,CELERIO
67dbabbf0dc9badbe92b9cd8,CELERIO
67dbabc30dc9badbe92b9d27,CELERIO
67dbabc30dc9badbe92b9d2a,CELERIO
67dbabbf0dc9badbe92b9cdd,CELERIO
67dbabc00dc9badbe92b9cdf,CELERIO
67dbabc00dc9badbe92b9ceb,CELERIO
67dbabc00dc9badbe92b9ce0,CELERIO
67dbabc00dc9badbe92b9ce1,CELERIO
67dbabc00dc9badbe92b9ce5,CELERIO
67dbabc00dc9badbe92b9ce2,CELERIO
67dbabc00dc9badbe92b9ce7,CELERIO
67dbabc00dc9badbe92b9cee,CELERIO
67dbabc00dc9badbe92b9ce3,CELERIO
67dbabc20dc9badbe92b9d0d,CELERIO
67dbabc20dc9badbe92b9d16,CELERIO
67dbabc00dc9badbe92b9ce4,CELERIO
67dbabc00dc9badbe92b9ce6,CELERIO
67dbabc00dc9badbe92b9cea,CELERIO
67dbabc00dc9badbe92b9ce8,CELERIO
67dbabc00dc9badbe92b9ce9,CELERIO
67dbabc00dc9badbe92b9ced,CELERIO
67dbabc00dc9badbe92b9cec,CELERIO
67dbabc00dc9badbe92b9cf4,CELERIO
67dbabc10dc9badbe92b9cf7,CELERIO
67dbabc00dc9badbe92b9cef,CELERIO
67dbabc00dc9badbe92b9cf3,CELERIO
67dbabc10dc9badbe92b9cf6,CELERIO
67dbabc00dc9badbe92b9cf0,CELERIO
67dbabc00dc9badbe92b9cf1,CELERIO
67dbabc10dc9badbe92b9cfb,CELERIO
67dbabc00dc9badbe92b9cf2,CELERIO
67dbabc10dc9badbe92b9d05,CELERIO
67dbabc10dc9badbe92b9d06,CELERIO
67dbabc10dc9badbe92b9cf5,CELERIO
67dbabc10dc9badbe92b9d00,CELERIO
67dbabc10dc9badbe92b9d01,CELERIO
67dbabc10dc9badbe92b9cf8,CELERIO
67dbabc10dc9badbe92b9cfd,CELERIO
67dbabc10dc9badbe92b9d04,CELERIO
67dbabc10dc9badbe92b9cf9,CELERIO
67dbabc10dc9badbe92b9cfc,CELERIO
67dbabc30dc9badbe92b9d35,CELERIO
67dbabc10dc9badbe92b9cfa,CELERIO
67dbabc10dc9badbe92b9cfe,CELERIO
67dbabc30dc9badbe92b9d24,CELERIO
67dbabc10dc9badbe92b9cff,CELERIO
67dbabc50dc9badbe92b9d51,CELERIO
67dbabc70dc9badbe92b9d86,CELERIO
67dbabc10dc9badbe92b9d02,CELERIO
67dbabc40dc9badbe92b9d44,CELERIO
67dbabc20dc9badbe92b9d1c,CELERIO
67dbabc30dc9badbe92b9d28,CELERIO
67dbabc10dc9badbe92b9d03,CELERIO
67dbabc40dc9badbe92b9d45,CELERIO
67dbabc10dc9badbe92b9d07,CELERIO
67dbabc20dc9badbe92b9d0b,CELERIO
67dbabc20dc9badbe92b9d0c,CELERIO
67dbabc10dc9badbe92b9d08,CELERIO
67dbabc20dc9badbe92b9d10,CELERIO
67dbabc20dc9badbe92b9d12,CELERIO
67dbabc10dc9badbe92b9d09,CELERIO
67dbabc30dc9badbe92b9d2b,CELERIO
67dbabc30dc9badbe92b9d33,CELERIO
67dbabc20dc9badbe92b9d0a,CELERIO
67dbabc20dc9badbe92b9d0e,CELERIO
67dbabc20dc9badbe92b9d15,CELERIO
67dbabc20dc9badbe92b9d11,CELERIO
67dbabc20dc9badbe92b9d17,CELERIO
67dbabc20dc9badbe92b9d19,CELERIO
67dbabc20dc9badbe92b9d13,CELERIO
67dbabc20dc9badbe92b9d14,CELERIO
67dbabc40dc9badbe92b9d47,CELERIO
67dbabc20dc9badbe92b9d18,CELERIO
67dbabc20dc9badbe92b9d1b,CELERIO
67dbabc30dc9badbe92b9d26,CELERIO
67dbabc20dc9badbe92b9d1a,CELERIO
67dbabc30dc9badbe92b9d21,CELERIO
67dbabc50dc9badbe92b9d59,CELERIO
67dbabc20dc9badbe92b9d1d,CELERIO
67dbabc20dc9badbe92b9d1e,CELERIO
67dbabc20dc9badbe92b9d1f,CELERIO
67dbabc30dc9badbe92b9d20,CELERIO
67f75b50297b3a5cefba9275,S-PRESSO
67dbabc30dc9badbe92b9d23,CELERIO
67dbabc30dc9badbe92b9d25,CELERIO
67dbabc40dc9badbe92b9d3d,CELERIO
67dbabc30dc9badbe92b9d29,CELERIO
67dbabc30dc9badbe92b9d32,CELERIO
67f75b50297b3a5cefba9276,S-PRESSO
67dbabc30dc9badbe92b9d2c,CELERIO
67dbabc30dc9badbe92b9d2d,CELERIO
67dbabc30dc9badbe92b9d2e,CELERIO
67dbabc30dc9badbe92b9d2f,CELERIO
67dbabc40dc9badbe92b9d46,CELERIO
67dbabc50dc9badbe92b9d58,CELERIO
67dbabc30dc9badbe92b9d30,CELERIO
67dbabc40dc9badbe92b9d36,CELERIO
67f75b50297b3a5cefba9277,S-PRESSO
67dbabc30dc9badbe92b9d31,CELERIO
67dbabc30dc9badbe92b9d34,CELERIO
67dbabc40dc9badbe92b9d37,CELERIO
67dbabc40dc9badbe92b9d38,CELERIO
67dbabc40dc9badbe92b9d3c,CELERIO
67f75b50297b3a5cefba9278,S-PRESSO
67dbabc40dc9badbe92b9d39,CELERIO
67dbabc40dc9badbe92b9d3f,CELERIO
67dbabc40dc9badbe92b9d42,CELERIO
67dbabc40dc9badbe92b9d3b,CELERIO
67dbabc40dc9badbe92b9d3e,CELERIO
67dbabc40dc9badbe92b9d40,CELERIO
67dbabc40dc9badbe92b9d41,CELERIO
67dbabc60dc9badbe92b9d67,CELERIO
67dbabc70dc9badbe92b9d76,CELERIO
67dbabc40dc9badbe92b9d43,CELERIO
67dbabc40dc9badbe92b9d48,CELERIO
67dbabc40dc9badbe92b9d49,CELERIO
67dbabc50dc9badbe92b9d4a,CELERIO
67dbabc50dc9badbe92b9d4c,CELERIO
67f75b50297b3a5cefba9279,S-PRESSO
67dbabc50dc9badbe92b9d4b,CELERIO
67dbabc50dc9badbe92b9d4d,CELERIO
67dbabc50dc9badbe92b9d5d,CELERIO
67dbabc50dc9badbe92b9d4e,CELERIO
67dbabc50dc9badbe92b9d4f,CELERIO
67dbabc50dc9badbe92b9d5f,CELERIO
67dbabc50dc9badbe92b9d50,CELERIO
67dbabc50dc9badbe92b9d55,CELERIO
67dbabc50dc9badbe92b9d56,CELERIO
67dbabc50dc9badbe92b9d52,CELERIO
67dbabc50dc9badbe92b9d5e,CELERIO
67dbabc60dc9badbe92b9d66,CELERIO
67dbabc50dc9badbe92b9d53,CELERIO
67dbabc50dc9badbe92b9d54,CELERIO
67dbabc50dc9badbe92b9d57,CELERIO
67dbabc50dc9badbe92b9d5a,CELERIO
67dbabc50dc9badbe92b9d5b,CELERIO
67dbabc60dc9badbe92b9d6d,CELERIO
67dbabc50dc9badbe92b9d5c,CELERIO
67dbabc60dc9badbe92b9d64,CELERIO
67dbabc70dc9badbe92b9d75,CELERIO
67dbabc60dc9badbe92b9d60,CELERIO
67dbabc70dc9badbe92b9d7b,CELERIO
67dbabc70dc9badbe92b9d80,CELERIO
67dbabc60dc9badbe92b9d61,CELERIO
67dbabc60dc9badbe92b9d6c,CELERIO
67dbabc80dc9badbe92b9d88,CELERIO
67dbabc60dc9badbe92b9d62,CELERIO
67dbabc60dc9badbe92b9d63,CELERIO
67dbabc70dc9badbe92b9d83,CELERIO
67dbabc60dc9badbe92b9d65,CELERIO
67dbabc60dc9badbe92b9d68,CELERIO
67dbabc60dc9badbe92b9d69,CELERIO
67dbabc60dc9badbe92b9d6a,CELERIO
67dbabc60dc9badbe92b9d6b,CELERIO
67dbabc60dc9badbe92b9d6e,CELERIO
67dbabc60dc9badbe92b9d6f,CELERIO
67dbabc70dc9badbe92b9d74,CELERIO
67dbabc70dc9badbe92b9d78,CELERIO
67dbabc60dc9badbe92b9d70,CELERIO
67dbabc60dc9badbe92b9d71,CELERIO
67dbabc70dc9badbe92b9d7a,CELERIO
67dbabc60dc9badbe92b9d72,CELERIO
67dbabc80dc9badbe92b9d8e,CELERIO
67dbabc80dc9badbe92b9d97,CELERIO
67dbabc70dc9badbe92b9d77,CELERIO
67dbabc70dc9badbe92b9d82,CELERIO
67dbabcb0dc9badbe92b9dca,CELERIO
67dbabc70dc9badbe92b9d79,CELERIO
67dbabc70dc9badbe92b9d7d,CELERIO
67dbabc80dc9badbe92b9d92,CELERIO
67dbabc70dc9badbe92b9d7c,CELERIO
67dbabc70dc9badbe92b9d7f,CELERIO
67dbabc70dc9badbe92b9d87,CELERIO
67dbabc70dc9badbe92b9d7e,CELERIO
67dbabc80dc9badbe92b9d8d,CELERIO
67dbabc80dc9badbe92b9d91,CELERIO
67dbabc70dc9badbe92b9d81,CELERIO
67dbabcb0dc9badbe92b9dcb,CELERIO
67dbabcb0dc9badbe92b9dcf,CELERIO
67dbabc70dc9badbe92b9d84,CELERIO
67dbabc70dc9badbe92b9d85,CELERIO
67dbabc90dc9badbe92b9db0,CELERIO
67dbabc80dc9badbe92b9d89,CELERIO
67dbabc80dc9badbe92b9d8a,CELERIO
67dbabc80dc9badbe92b9d8b,CELERIO
67dbabc80dc9badbe92b9d8c,CELERIO
67dbabc80dc9badbe92b9d96,CELERIO
67dbabc90dc9badbe92b9dae,CELERIO
67dbabc80dc9badbe92b9d8f,CELERIO
67dbabca0dc9badbe92b9db6,CELERIO
67dbabca0dc9badbe92b9dbb,CELERIO
67dbabc80dc9badbe92b9d90,CELERIO
67dbabc80dc9badbe92b9d93,CELERIO
67dbabc80dc9badbe92b9d95,CELERIO
67dbabc80dc9badbe92b9d94,CELERIO
67dbabc90dc9badbe92b9daf,CELERIO
67dbabcb0dc9badbe92b9dc9,CELERIO
67dbabc80dc9badbe92b9d98,CELERIO
67dbabc80dc9badbe92b9d9b,CELERIO
67dbabc90dc9badbe92b9d9d,CELERIO
67dbabc80dc9badbe92b9d99,CELERIO
67dbabc90dc9badbe92b9d9f,CELERIO
67dbabc90dc9badbe92b9da3,CELERIO
67dbabc80dc9badbe92b9d9a,CELERIO
67dbabca0dc9badbe92b9dba,CELERIO
67dbabcb0dc9badbe92b9dc8,CELERIO
67dbabc90dc9badbe92b9d9c,CELERIO
67dbabc90dc9badbe92b9da0,CELERIO
67dbabc90dc9badbe92b9da2,CELERIO
67dbabc90dc9badbe92b9d9e,CELERIO
67dbabc90dc9badbe92b9da1,CELERIO
67dbabc90dc9badbe92b9da7,CELERIO
67dbabc90dc9badbe92b9da4,CELERIO
67dbabc90dc9badbe92b9da6,CELERIO
67dbabc90dc9badbe92b9da8,CELERIO
67dbabc90dc9badbe92b9da5,CELERIO
67dbabc90dc9badbe92b9da9,CELERIO
67dbabcd0dc9badbe92b9dd8,IGNIS
67dbabc90dc9badbe92b9daa,CELERIO
67dbabc90dc9badbe92b9dab,CELERIO
67dbabc90dc9badbe92b9dac,CELERIO
67dbabc90dc9badbe92b9dad,CELERIO
67dbabca0dc9badbe92b9db7,CELERIO
67dbabca0dc9badbe92b9db8,CELERIO
67dbabc90dc9badbe92b9db1,CELERIO
67dbabca0dc9badbe92b9db3,CELERIO
67dbabce0dc9badbe92b9de1,IGNIS
67dbabca0dc9badbe92b9db2,CELERIO
67dbabca0dc9badbe92b9db4,CELERIO
67dbabca0dc9badbe92b9db5,CELERIO
67dbabca0dc9badbe92b9db9,CELERIO
67dbabe60dc9badbe92b9e84,JIMNY
67dbabe60dc9badbe92b9e85,JIMNY
67dbabca0dc9badbe92b9dbc,CELERIO
67dbabca0dc9badbe92b9dc2,CELERIO
67dbabca0dc9badbe92b9dc3,CELERIO
67dbabca0dc9badbe92b9dbd,CELERIO
67dbabca0dc9badbe92b9dc1,CELERIO
67dbabca0dc9badbe92b9dc4,CELERIO
67dbabca0dc9badbe92b9dbe,CELERIO
67dbabca0dc9badbe92b9dbf,CELERIO
67dbabca0dc9badbe92b9dc5,CELERIO
67dbabca0dc9badbe92b9dc0,CELERIO
67dbabcb0dc9badbe92b9dc7,CELERIO
67dbabce0dc9badbe92b9ddd,IGNIS
67dbabca0dc9badbe92b9dc6,CELERIO
67dbabcb0dc9badbe92b9dd0,CELERIO
67dbabce0dc9badbe92b9de9,IGNIS
67dbabcb0dc9badbe92b9dcc,CELERIO
67dbabcd0dc9badbe92b9dd2,IGNIS
67dbabcf0dc9badbe92b9df8,IGNIS
67dbabcb0dc9badbe92b9dcd,CELERIO
67dbabcd0dc9badbe92b9dd5,IGNIS
67dbabce0dc9badbe92b9df0,IGNIS
67dbabcb0dc9badbe92b9dce,CELERIO
67dbabcb0dc9badbe92b9dd1,CELERIO
67dbabcd0dc9badbe92b9dd6,IGNIS
67dbabcd0dc9badbe92b9dd3,IGNIS
67dbabd00dc9badbe92b9e0a,IGNIS
67dbabd00dc9badbe92b9e0c,IGNIS
67dbabcd0dc9badbe92b9dd4,IGNIS
67dbabce0dc9badbe92b9ddc,IGNIS
67dbabce0dc9badbe92b9de6,IGNIS
67dbabcd0dc9badbe92b9dd7,IGNIS
67dbabcd0dc9badbe92b9dda,IGNIS
67dbabce0dc9badbe92b9ddf,IGNIS
67dbabcd0dc9badbe92b9dd9,IGNIS
67dbabcf0dc9badbe92b9df6,IGNIS
67dbabcf0dc9badbe92b9e06,IGNIS
67dbabcd0dc9badbe92b9ddb,IGNIS
67dbabcf0dc9badbe92b9dfe,IGNIS
67dbabd00dc9badbe92b9e19,IGNIS
67dbabce0dc9badbe92b9dde,IGNIS
67dbabce0dc9badbe92b9de4,IGNIS
67dbabce0dc9badbe92b9de8,IGNIS
67dbabce0dc9badbe92b9de0,IGNIS
67dbabce0dc9badbe92b9de3,IGNIS
67dbabce0dc9badbe92b9def,IGNIS
67dbabce0dc9badbe92b9de2,IGNIS
67dbabce0dc9badbe92b9de7,IGNIS
67dbabce0dc9badbe92b9df1,IGNIS
67dbabce0dc9badbe92b9de5,IGNIS
67dbabce0dc9badbe92b9dec,IGNIS
67dbabcf0dc9badbe92b9dff,IGNIS
67dbabce0dc9badbe92b9dea,IGNIS
67dbabce0dc9badbe92b9deb,IGNIS
67dbabce0dc9badbe92b9ded,IGNIS
67dbabce0dc9badbe92b9dee,IGNIS
67dbabce0dc9badbe92b9df2,IGNIS
67dbabcf0dc9badbe92b9df3,IGNIS
67dbabcf0dc9badbe92b9df4,IGNIS
67dbabcf0dc9badbe92b9dfc,IGNIS
67dbabcf0dc9badbe92b9e02,IGNIS
67dbabcf0dc9badbe92b9df5,IGNIS
67dbabd10dc9badbe92b9e1e,IGNIS
67dbabd10dc9badbe92b9e23,IGNIS
67dbabcf0dc9badbe92b9df7,IGNIS
67dbabcf0dc9badbe92b9e01,IGNIS
67dbabd00dc9badbe92b9e0f,IGNIS
67dbabcf0dc9badbe92b9df9,IGNIS
67dbabcf0dc9badbe92b9dfa,IGNIS
67dbabcf0dc9badbe92b9dfb,IGNIS
67dbabcf0dc9badbe92b9dfd,IGNIS
67dbabcf0dc9badbe92b9e00,IGNIS
67f75b50297b3a5cefba927a,S-PRESSO
67dbabcf0dc9badbe92b9e03,IGNIS
67dbabd00dc9badbe92b9e08,IGNIS
67dbabd00dc9badbe92b9e0e,IGNIS
67dbabcf0dc9badbe92b9e04,IGNIS
67f75b50297b3a5cefba927b,S-PRESSO
67f75b51297b3a5cefba927f,S-PRESSO
67dbabcf0dc9badbe92b9e05,IGNIS
67f75b51297b3a5cefba927c,S-PRESSO
67dbabd00dc9badbe92b9e07,IGNIS
67dbabd00dc9badbe92b9e09,IGNIS
67dbabe70dc9badbe92b9e95,JIMNY
67dbabd00dc9badbe92b9e0b,IGNIS
67dbabd00dc9badbe92b9e0d,IGNIS
67dbabd00dc9badbe92b9e11,IGNIS
67dbabd00dc9badbe92b9e10,IGNIS
67dbabd00dc9badbe92b9e14,IGNIS
67dbabd00dc9badbe92b9e18,IGNIS
67dbabd00dc9badbe92b9e12,IGNIS
67dbabd00dc9badbe92b9e13,IGNIS
67dbabd10dc9badbe92b9e1f,IGNIS
67dbabd00dc9badbe92b9e15,IGNIS
67dbabd00dc9badbe92b9e16,IGNIS
67dbabd10dc9badbe92b9e20,IGNIS
67dbabd00dc9badbe92b9e17,IGNIS
67dbabd00dc9badbe92b9e1c,IGNIS
67f75b51297b3a5cefba927d,S-PRESSO
67dbabd00dc9badbe92b9e1a,IGNIS
67dbabd00dc9badbe92b9e1b,IGNIS
67f75b51297b3a5cefba927e,S-PRESSO
67dbabd00dc9badbe92b9e1d,IGNIS
67f75b51297b3a5cefba9281,S-PRESSO
67dbabd10dc9badbe92b9e21,IGNIS
67f75b51297b3a5cefba9282,S-PRESSO
67dbabe80dc9badbe92b9ea2,JIMNY
67dbabd10dc9badbe92b9e22,IGNIS
67f75b51297b3a5cefba9283,S-PRESSO
67dbabf00dc9badbe92b9edc,CIAZ
67f75b51297b3a5cefba9284,S-PRESSO
67f75b51297b3a5cefba9290,S-PRESSO
67f75b51297b3a5cefba9285,S-PRESSO
67f75b53297b3a5cefba92b6,S-PRESSO
67dbabe90dc9badbe92b9ebb,JIMNY
67f75b51297b3a5cefba9286,S-PRESSO
67f75b51297b3a5cefba928f,S-PRESSO
67f75b54297b3a5cefba92ba,S-PRESSO
67f75b51297b3a5cefba9287,S-PRESSO
67dbabe90dc9badbe92b9ec2,JIMNY
67dbabf00dc9badbe92b9eda,CIAZ
67f75b51297b3a5cefba9288,S-PRESSO
67f75b52297b3a5cefba9295,S-PRESSO
67f75b53297b3a5cefba92ae,S-PRESSO
67f75b51297b3a5cefba9289,S-PRESSO
67f75b54297b3a5cefba92bf,S-PRESSO
67f75b51297b3a5cefba928a,S-PRESSO
67f75b51297b3a5cefba928c,S-PRESSO
67f75b54297b3a5cefba92bc,S-PRESSO
67f75b51297b3a5cefba928d,S-PRESSO
67f75b53297b3a5cefba92ab,S-PRESSO
67f75b53297b3a5cefba92ac,S-PRESSO
67f75b51297b3a5cefba928e,S-PRESSO
67f75b55297b3a5cefba92d7,S-PRESSO
67dbabe70dc9badbe92b9e93,JIMNY
67f75b52297b3a5cefba9291,S-PRESSO
67f75b52297b3a5cefba9292,S-PRESSO
67f75b53297b3a5cefba92b3,S-PRESSO
67f75b54297b3a5cefba92c5,S-PRESSO
67f75b52297b3a5cefba9293,S-PRESSO
67f75b52297b3a5cefba92a0,S-PRESSO
67f75b52297b3a5cefba9296,S-PRESSO
67f75b52297b3a5cefba9299,S-PRESSO
67f75b54297b3a5cefba92c9,S-PRESSO
67f75b55297b3a5cefba92df,S-PRESSO
67f75b52297b3a5cefba929a,S-PRESSO
67f75b53297b3a5cefba92b4,S-PRESSO
67f75b52297b3a5cefba929b,S-PRESSO
67f75b52297b3a5cefba929f,S-PRESSO
67dbabf00dc9badbe92b9ed5,CIAZ
67f75b52297b3a5cefba929c,S-PRESSO
67dbabf00dc9badbe92b9ed9,CIAZ
67dbabf00dc9badbe92b9ee7,CIAZ
67f75b52297b3a5cefba92a1,S-PRESSO
67f75b52297b3a5cefba92a2,S-PRESSO
67f75b53297b3a5cefba92a6,S-PRESSO
67f75b52297b3a5cefba92a3,S-PRESSO
67f75b53297b3a5cefba92ad,S-PRESSO
67f75b53297b3a5cefba92b2,S-PRESSO
67f75b52297b3a5cefba92a4,S-PRESSO
67f75b54297b3a5cefba92c7,S-PRESSO
67f75b53297b3a5cefba92a5,S-PRESSO
67f75b55297b3a5cefba92dc,S-PRESSO
67dbabe80dc9badbe92b9ea5,JIMNY
67f75b53297b3a5cefba92a7,S-PRESSO
67dbabf20dc9badbe92b9f04,CIAZ
67dbabf30dc9badbe92b9f12,CIAZ
67f75b53297b3a5cefba92a8,S-PRESSO
67f75b53297b3a5cefba92b1,S-PRESSO
67dbabe80dc9badbe92b9ea3,JIMNY
67f75b53297b3a5cefba92a9,S-PRESSO
67f75b53297b3a5cefba92b0,S-PRESSO
67dbabef0dc9badbe92b9ed4,CIAZ
67f75b53297b3a5cefba92aa,S-PRESSO
67f75b54297b3a5cefba92c3,S-PRESSO
67dbabe70dc9badbe92b9e96,JIMNY
67f75b53297b3a5cefba92af,S-PRESSO
67f75b56297b3a5cefba92e3,S-PRESSO
67f75b53297b3a5cefba92b5,S-PRESSO
67dbabe60dc9badbe92b9e87,JIMNY
67dbabe70dc9badbe92b9e8d,JIMNY
67f75b53297b3a5cefba92b7,S-PRESSO
67dbabe70dc9badbe92b9e8f,JIMNY
67dbabe70dc9badbe92b9e90,JIMNY
67f75b53297b3a5cefba92b8,S-PRESSO
67f75b55297b3a5cefba92d2,S-PRESSO
67f75b54297b3a5cefba92b9,S-PRESSO
67f75b55297b3a5cefba92d4,S-PRESSO
67f75b56297b3a5cefba92e4,S-PRESSO
67f75b54297b3a5cefba92bb,S-PRESSO
67dbabe70dc9badbe92b9e91,JIMNY
67dbabef0dc9badbe92b9ec8,CIAZ
67f75b54297b3a5cefba92bd,S-PRESSO
67f75b54297b3a5cefba92be,S-PRESSO
67dbabe60dc9badbe92b9e89,JIMNY
67f75b54297b3a5cefba92c0,S-PRESSO
67dbabe70dc9badbe92b9e94,JIMNY
67dbabe70dc9badbe92b9e9a,JIMNY
67f75b54297b3a5cefba92c2,S-PRESSO
67dbabef0dc9badbe92b9ec4,CIAZ
67dbabef0dc9badbe92b9ecf,CIAZ
67f75b54297b3a5cefba92c4,S-PRESSO
67dbabe80dc9badbe92b9ea4,JIMNY
67f75b54297b3a5cefba92c6,S-PRESSO
67dbabf00dc9badbe92b9ed8,CIAZ
67dbabf00dc9badbe92b9ee3,CIAZ
67dbabe60dc9badbe92b9e86,JIMNY
67dbabe60dc9badbe92b9e88,JIMNY
67dbabef0dc9badbe92b9ec9,CIAZ
67dbabe60dc9badbe92b9e8a,JIMNY
67dbabe60dc9badbe92b9e8c,JIMNY
67dbabe70dc9badbe92b9e8e,JIMNY
67dbabe70dc9badbe92b9e92,JIMNY
67dbabe70dc9badbe92b9e97,JIMNY
67dbabe70dc9badbe92b9e98,JIMNY
67dbabe70dc9badbe92b9e99,JIMNY
67dbabe80dc9badbe92b9eaa,JIMNY
67dbabe90dc9badbe92b9eb8,JIMNY
67dbabe70dc9badbe92b9e9b,JIMNY
67dbabe80dc9badbe92b9ea9,JIMNY
67dbabf10dc9badbe92b9ef2,CIAZ
67dbabe70dc9badbe92b9e9c,JIMNY
67dbabe80dc9badbe92b9ea7,JIMNY
67f75b54297b3a5cefba92c8,S-PRESSO
67dbabe70dc9badbe92b9e9d,JIMNY
67dbabe80dc9badbe92b9eaf,JIMNY
67dbabef0dc9badbe92b9ec7,CIAZ
67dbabe70dc9badbe92b9e9e,JIMNY
67f75b54297b3a5cefba92ca,S-PRESSO
67f75b55297b3a5cefba92cf,S-PRESSO
67dbabe70dc9badbe92b9e9f,JIMNY
67dbabe80dc9badbe92b9eb2,JIMNY
67dbabe90dc9badbe92b9eb5,JIMNY
67dbabe80dc9badbe92b9ea0,JIMNY
67dbabe80dc9badbe92b9ea1,JIMNY
67dbabe80dc9badbe92b9ea6,JIMNY
67dbabe80dc9badbe92b9ea8,JIMNY
67dbabe90dc9badbe92b9ebf,JIMNY
67dbabf10dc9badbe92b9eea,CIAZ
67dbabe80dc9badbe92b9eab,JIMNY
67dbabe90dc9badbe92b9ebe,JIMNY
67dbabf00dc9badbe92b9ed6,CIAZ
67dbabe80dc9badbe92b9eac,JIMNY
67dbabe90dc9badbe92b9eb6,JIMNY
67dbabf40dc9badbe92b9f2f,CIAZ
67dbabe80dc9badbe92b9ead,JIMNY
67dbabe80dc9badbe92b9eae,JIMNY
67dbabe80dc9badbe92b9eb1,JIMNY
67dbabe80dc9badbe92b9eb0,JIMNY
67dbabe90dc9badbe92b9ebc,JIMNY
67dbabef0dc9badbe92b9ec5,CIAZ
67dbabe80dc9badbe92b9eb3,JIMNY
67dbabef0dc9badbe92b9ed0,CIAZ
67dbabf30dc9badbe92b9f16,CIAZ
67dbabe80dc9badbe92b9eb4,JIMNY
67dbabe90dc9badbe92b9eba,JIMNY
67dbabe90dc9badbe92b9ec1,JIMNY
67dbabe90dc9badbe92b9eb7,JIMNY
67dbabef0dc9badbe92b9eca,CIAZ
67dbabf00dc9badbe92b9ee0,CIAZ
67dbabe90dc9badbe92b9eb9,JIMNY
67dbabe90dc9badbe92b9ec0,JIMNY
67dbabe90dc9badbe92b9ec3,JIMNY
67dbabe90dc9badbe92b9ebd,JIMNY
67dbabf50dc9badbe92b9f48,CIAZ
67dbabf50dc9badbe92b9f50,CIAZ
67dbabef0dc9badbe92b9ec6,CIAZ
67dbabf20dc9badbe92b9f03,CIAZ
67dbabf20dc9badbe92b9f05,CIAZ
67dbabef0dc9badbe92b9ecb,CIAZ
67dbabef0dc9badbe92b9ed1,CIAZ
67dbabf20dc9badbe92b9efc,CIAZ
67dbabef0dc9badbe92b9ecc,CIAZ
67dbabf30dc9badbe92b9f14,CIAZ
67dbabf30dc9badbe92b9f1a,CIAZ
67dbabef0dc9badbe92b9ecd,CIAZ
67dbabf00dc9badbe92b9ee5,CIAZ
67dbabf10dc9badbe92b9eeb,CIAZ
67dbabef0dc9badbe92b9ece,CIAZ
67dbabef0dc9badbe92b9ed2,CIAZ
67dbabf20dc9badbe92b9eff,CIAZ
67dbabef0dc9badbe92b9ed3,CIAZ
67f75b54297b3a5cefba92cb,S-PRESSO
67dbabf00dc9badbe92b9ed7,CIAZ
67dbabf00dc9badbe92b9edb,CIAZ
67dbabf00dc9badbe92b9edf,CIAZ
67dbabf00dc9badbe92b9ede,CIAZ
67dbabf10dc9badbe92b9ef1,CIAZ
67dbabf20dc9badbe92b9f0c,CIAZ
67dbabf00dc9badbe92b9ee1,CIAZ
67dbabf20dc9badbe92b9efd,CIAZ
67dbabf20dc9badbe92b9f09,CIAZ
67dbabf00dc9badbe92b9ee2,CIAZ
67dbabf30dc9badbe92b9f23,CIAZ
67dbabf50dc9badbe92b9f4d,CIAZ
67dbabf00dc9badbe92b9ee4,CIAZ
67dbabf00dc9badbe92b9ee9,CIAZ
67dbabf20dc9badbe92b9f0e,CIAZ
67dbabf00dc9badbe92b9ee6,CIAZ
67dbabf00dc9badbe92b9ee8,CIAZ
67dbabf40dc9badbe92b9f32,CIAZ
67dbabf10dc9badbe92b9eec,CIAZ
67dbabf10dc9badbe92b9eed,CIAZ
67dbabf10dc9badbe92b9eee,CIAZ
67dbabf10dc9badbe92b9eef,CIAZ
67dbabf10dc9badbe92b9efb,CIAZ
67dbabf20dc9badbe92b9f0a,CIAZ
67dbabf10dc9badbe92b9ef0,CIAZ
67dbabf10dc9badbe92b9ef4,CIAZ
67dbabf10dc9badbe92b9ef7,CIAZ
67dbabf10dc9badbe92b9ef3,CIAZ
67dbabf30dc9badbe92b9f17,CIAZ
67dbabf40dc9badbe92b9f27,CIAZ
67dbabf10dc9badbe92b9ef5,CIAZ
67dbabf50dc9badbe92b9f49,CIAZ
67f75b55297b3a5cefba92cc,S-PRESSO
67dbabf10dc9badbe92b9ef6,CIAZ
67dbabf10dc9badbe92b9ef9,CIAZ
67dbabf20dc9badbe92b9f00,CIAZ
67dbabf10dc9badbe92b9ef8,CIAZ
67f75b55297b3a5cefba92cd,S-PRESSO
67f75b55297b3a5cefba92d1,S-PRESSO
67dbabf10dc9badbe92b9efa,CIAZ
67f75b55297b3a5cefba92ce,S-PRESSO
67f75b55297b3a5cefba92d3,S-PRESSO
67dbabf20dc9badbe92b9efe,CIAZ
67dbabf20dc9badbe92b9f0d,CIAZ
67dbabf30dc9badbe92b9f18,CIAZ
67dbabf20dc9badbe92b9f01,CIAZ
67dbabf30dc9badbe92b9f15,CIAZ
67dbabf40dc9badbe92b9f35,CIAZ
67dbabf20dc9badbe92b9f02,CIAZ
67f75b55297b3a5cefba92d0,S-PRESSO
67dbabf20dc9badbe92b9f06,CIAZ
67dbabf30dc9badbe92b9f1c,CIAZ
67dbabf30dc9badbe92b9f24,CIAZ
67dbabf20dc9badbe92b9f07,CIAZ
67f75b55297b3a5cefba92d5,S-PRESSO
67f75b55297b3a5cefba92da,S-PRESSO
67dbabf20dc9badbe92b9f08,CIAZ
67dbabf20dc9badbe92b9f0f,CIAZ
67dbabf20dc9badbe92b9f11,CIAZ
67dbabf20dc9badbe92b9f0b,CIAZ
67dbabf50dc9badbe92b9f41,CIAZ
67f75b55297b3a5cefba92d6,S-PRESSO
67dbabf20dc9badbe92b9f10,CIAZ
67dbabf40dc9badbe92b9f2a,CIAZ
67f75b55297b3a5cefba92d8,S-PRESSO
67dbabf30dc9badbe92b9f13,CIAZ
67f75b55297b3a5cefba92d9,S-PRESSO
67f75b56297b3a5cefba92e7,S-PRESSO
67dbabf30dc9badbe92b9f19,CIAZ
67dbabf30dc9badbe92b9f26,CIAZ
67dbabf50dc9badbe92b9f3c,CIAZ
67dbabf30dc9badbe92b9f1b,CIAZ
67dbabf40dc9badbe92b9f29,CIAZ
67dbabf40dc9badbe92b9f2b,CIAZ
67dbabf30dc9badbe92b9f1d,CIAZ
67dbabf30dc9badbe92b9f1f,CIAZ
67dbabf30dc9badbe92b9f21,CIAZ
67dbabf30dc9badbe92b9f1e,CIAZ
67dbabf30dc9badbe92b9f22,CIAZ
67dbabf40dc9badbe92b9f37,CIAZ
67dbabf30dc9badbe92b9f20,CIAZ
67dbabf40dc9badbe92b9f28,CIAZ
67f75b55297b3a5cefba92db,S-PRESSO
67dbabf30dc9badbe92b9f25,CIAZ
67dbabf40dc9badbe92b9f30,CIAZ
67f75b55297b3a5cefba92dd,S-PRESSO
67dbabf40dc9badbe92b9f2c,CIAZ
67dbabf50dc9badbe92b9f42,CIAZ
67f75b55297b3a5cefba92de,S-PRESSO
67dbabf40dc9badbe92b9f2d,CIAZ
67dbabf50dc9badbe92b9f44,CIAZ
67dbabf50dc9badbe92b9f45,CIAZ
67dbabf40dc9badbe92b9f2e,CIAZ
67dbabf60dc9badbe92b9f57,CIAZ
67f75b55297b3a5cefba92e0,S-PRESSO
67dbabf40dc9badbe92b9f31,CIAZ
67f75b55297b3a5cefba92e1,S-PRESSO
67dbabf40dc9badbe92b9f33,CIAZ
67dbabf40dc9badbe92b9f38,CIAZ
67f75b56297b3a5cefba92e2,S-PRESSO
67dbabf40dc9badbe92b9f34,CIAZ
67f75b56297b3a5cefba92e5,S-PRESSO
67f75b56297b3a5cefba92ee,S-PRESSO
67dbabf40dc9badbe92b9f36,CIAZ
67dbabf40dc9badbe92b9f3a,CIAZ
67f75b56297b3a5cefba92e6,S-PRESSO
67dbabf40dc9badbe92b9f39,CIAZ
67dbabf60dc9badbe92b9f53,CIAZ
67f75b56297b3a5cefba92e8,S-PRESSO
67dbabf40dc9badbe92b9f3b,CIAZ
67dbabf50dc9badbe92b9f3d,CIAZ
67dbabf60dc9badbe92b9f5a,CIAZ
67dbabf50dc9badbe92b9f3e,CIAZ
67dbabf50dc9badbe92b9f3f,CIAZ
67f75b56297b3a5cefba92e9,S-PRESSO
67dbabf50dc9badbe92b9f40,CIAZ
67dbabf50dc9badbe92b9f4f,CIAZ
67dbabf60dc9badbe92b9f51,CIAZ
67dbabf50dc9badbe92b9f43,CIAZ
67f75b56297b3a5cefba92ea,S-PRESSO
67dbabf50dc9badbe92b9f46,CIAZ
67dbabf50dc9badbe92b9f4b,CIAZ
67dbabf50dc9badbe92b9f4c,CIAZ
67dbabf50dc9badbe92b9f47,CIAZ
67dbabf50dc9badbe92b9f4a,CIAZ
67f75b56297b3a5cefba92eb,S-PRESSO
67dbabf50dc9badbe92b9f4e,CIAZ
67dbabf60dc9badbe92b9f54,CIAZ
67f75b56297b3a5cefba92ec,S-PRESSO
67dbabf60dc9badbe92b9f52,CIAZ
67f75b56297b3a5cefba92ed,S-PRESSO
67dbabf60dc9badbe92b9f55,CIAZ
67dbabf60dc9badbe92b9f59,CIAZ
67dbabf60dc9badbe92b9f56,CIAZ
67dbabf60dc9badbe92b9f58,CIAZ
67dbac090dc9badbe92b9fab,DZIRE
67dbac0a0dc9badbe92b9fb0,DZIRE
67dbac120dc9badbe92ba060,DZIRE
67dbac0a0dc9badbe92b9fb2,DZIRE
67dbac0a0dc9badbe92b9fb3,DZIRE
67dbac190dc9badbe92ba0cc,EVITARA
67dbac190dc9badbe92ba0d1,EVITARA
67dbac090dc9badbe92b9fac,DZIRE
67dbac0c0dc9badbe92b9fe7,DZIRE
67dbac0d0dc9badbe92b9fef,DZIRE
67dbac0d0dc9badbe92b9ff2,DZIRE
67dbac190dc9badbe92ba0d4,EVITARA
67dbac190dc9badbe92ba0d5,EVITARA
67dbac300dc9badbe92ba1fd,WAGONR
67dbac310dc9badbe92ba1fe,WAGONR
67dbac090dc9badbe92b9fa7,DZIRE
67dbac090dc9badbe92b9fa8,DZIRE
67dbac090dc9badbe92b9fa9,DZIRE
67dbac090dc9badbe92b9faa,DZIRE
67dbac0c0dc9badbe92b9fde,DZIRE
67dbac0d0dc9badbe92b9ffa,DZIRE
67dbac0a0dc9badbe92b9fad,DZIRE
67dbac0a0dc9badbe92b9fae,DZIRE
67dbac0a0dc9badbe92b9fc2,DZIRE
67dbac0a0dc9badbe92b9faf,DZIRE
67dbac0c0dc9badbe92b9fe2,DZIRE
67dbac0d0dc9badbe92b9ff1,DZIRE
67dbac0a0dc9badbe92b9fb1,DZIRE
67dbac0a0dc9badbe92b9fb8,DZIRE
67dbac0a0dc9badbe92b9fb9,DZIRE
67dbac0a0dc9badbe92b9fb4,DZIRE
67dbac0c0dc9badbe92b9fe9,DZIRE
67dbac0c0dc9badbe92b9fea,DZIRE
67dbac0a0dc9badbe92b9fb5,DZIRE
67dbac0a0dc9badbe92b9fb6,DZIRE
67dbac0a0dc9badbe92b9fb7,DZIRE
67dbac0a0dc9badbe92b9fba,DZIRE
67dbac0a0dc9badbe92b9fbb,DZIRE
67dbac0a0dc9badbe92b9fbc,DZIRE
67dbac0a0dc9badbe92b9fbd,DZIRE
67dbac0a0dc9badbe92b9fc1,DZIRE
67dbac0b0dc9badbe92b9fd5,DZIRE
67dbac0a0dc9badbe92b9fbe,DZIRE
67dbac0a0dc9badbe92b9fbf,DZIRE
67dbac0a0dc9badbe92b9fc0,DZIRE
67dbac0b0dc9badbe92b9fc3,DZIRE
67dbac0b0dc9badbe92b9fc5,DZIRE
67dbac0b0dc9badbe92b9fca,DZIRE
67dbac0b0dc9badbe92b9fc4,DZIRE
67dbac0b0dc9badbe92b9fc6,DZIRE
67dbac0b0dc9badbe92b9fd2,DZIRE
67dbac0b0dc9badbe92b9fc7,DZIRE
67dbac0c0dc9badbe92b9fdd,DZIRE
67dbac0c0dc9badbe92b9fe1,DZIRE
67dbac0b0dc9badbe92b9fc8,DZIRE
67dbac0b0dc9badbe92b9fd3,DZIRE
67dbac0b0dc9badbe92b9fd9,DZIRE
67dbac0b0dc9badbe92b9fc9,DZIRE
67dbac0b0dc9badbe92b9fd0,DZIRE
67dbac0b0dc9badbe92b9fd4,DZIRE
67dbac0b0dc9badbe92b9fcb,DZIRE
67dbac0b0dc9badbe92b9fcc,DZIRE
67dbac0b0dc9badbe92b9fcd,DZIRE
67dbac0b0dc9badbe92b9fce,DZIRE
67dbac0b0dc9badbe92b9fcf,DZIRE
67dbac0b0dc9badbe92b9fd1,DZIRE
67dbac0b0dc9badbe92b9fd6,DZIRE
67dbac0d0dc9badbe92b9ff0,DZIRE
67dbac0d0dc9badbe92b9ff7,DZIRE
67dbac0b0dc9badbe92b9fd7,DZIRE
67dbac0d0dc9badbe92b9ffc,DZIRE
67dbac100dc9badbe92ba036,DZIRE
67dbac0b0dc9badbe92b9fd8,DZIRE
67dbac0c0dc9badbe92b9fda,DZIRE
67dbac0c0dc9badbe92b9fdc,DZIRE
67dbac0c0dc9badbe92b9fdb,DZIRE
67dbac0d0dc9badbe92ba000,DZIRE
67dbac0e0dc9badbe92ba007,DZIRE
67dbac0c0dc9badbe92b9fdf,DZIRE
67dbac0c0dc9badbe92b9fe4,DZIRE
67dbac0c0dc9badbe92b9fe5,DZIRE
67dbac0c0dc9badbe92b9fe0,DZIRE
67dbac0d0dc9badbe92ba001,DZIRE
67dbac0e0dc9badbe92ba009,DZIRE
67dbac0c0dc9badbe92b9fe3,DZIRE
67dbac0d0dc9badbe92b9ff8,DZIRE
67dbac0e0dc9badbe92ba004,DZIRE
67dbac0c0dc9badbe92b9fe6,DZIRE
67dbac0c0dc9badbe92b9fec,DZIRE
67dbac0c0dc9badbe92b9fed,DZIRE
67dbac0c0dc9badbe92b9fe8,DZIRE
67dbac0c0dc9badbe92b9feb,DZIRE
67dbac120dc9badbe92ba063,DZIRE
67dbac0d0dc9badbe92b9fee,DZIRE
67dbac0e0dc9badbe92ba00c,DZIRE
67dbac0e0dc9badbe92ba013,DZIRE
67dbac0d0dc9badbe92b9ff3,DZIRE
67dbac0d0dc9badbe92b9ff4,DZIRE
67dbac0d0dc9badbe92b9ffe,DZIRE
67dbac0d0dc9badbe92b9ff5,DZIRE
67dbac0d0dc9badbe92b9ffd,DZIRE
67dbac260dc9badbe92ba158,FRONX
67dbac0d0dc9badbe92b9ff6,DZIRE
67dbac0d0dc9badbe92ba002,DZIRE
67dbac110dc9badbe92ba050,DZIRE
67dbac0d0dc9badbe92b9ff9,DZIRE
67dbac0d0dc9badbe92b9fff,DZIRE
67dbac0e0dc9badbe92ba003,DZIRE
67dbac0d0dc9badbe92b9ffb,DZIRE
67dbac0f0dc9badbe92ba01d,DZIRE
67dbac0f0dc9badbe92ba021,DZIRE
67dbac0e0dc9badbe92ba005,DZIRE
67dbac0e0dc9badbe92ba00a,DZIRE
67dbac0e0dc9badbe92ba00f,DZIRE
67dbac0e0dc9badbe92ba006,DZIRE
67dbac110dc9badbe92ba04f,DZIRE
67dbac160dc9badbe92ba0ba,DZIRE
67dbac0e0dc9badbe92ba008,DZIRE
67dbac110dc9badbe92ba04b,DZIRE
67dbac120dc9badbe92ba06a,DZIRE
67dbac0e0dc9badbe92ba00b,DZIRE
67dbac0e0dc9badbe92ba00e,DZIRE
67dbac0e0dc9badbe92ba011,DZIRE
67dbac0e0dc9badbe92ba00d,DZIRE
67dbac0e0dc9badbe92ba010,DZIRE
67dbac0f0dc9badbe92ba022,DZIRE
67dbac0e0dc9badbe92ba012,DZIRE
67dbac0e0dc9badbe92ba014,DZIRE
67dbac0f0dc9badbe92ba01e,DZIRE
67dbac0e0dc9badbe92ba015,DZIRE
67dbac0f0dc9badbe92ba01a,DZIRE
67dbac0f0dc9badbe92ba020,DZIRE
67dbac0e0dc9badbe92ba016,DZIRE
67dbac0e0dc9badbe92ba017,DZIRE
67dbac0f0dc9badbe92ba01c,DZIRE
67dbac0e0dc9badbe92ba018,DZIRE
67dbac0f0dc9badbe92ba019,DZIRE
67dbac0f0dc9badbe92ba01f,DZIRE
67dbac0f0dc9badbe92ba01b,DZIRE
67dbac0f0dc9badbe92ba028,DZIRE
67dbac0f0dc9badbe92ba02b,DZIRE
67dbac0f0dc9badbe92ba023,DZIRE
67dbac0f0dc9badbe92ba025,DZIRE
67dbac0f0dc9badbe92ba02a,DZIRE
67dbac0f0dc9badbe92ba024,DZIRE
67dbac0f0dc9badbe92ba026,DZIRE
67dbac0f0dc9badbe92ba029,DZIRE
67dbac0f0dc9badbe92ba027,DZIRE
67dbac0f0dc9badbe92ba02d,DZIRE
67dbac110dc9badbe92ba049,DZIRE
67dbac0f0dc9badbe92ba02c,DZIRE
67dbac100dc9badbe92ba030,DZIRE
67dbac100dc9badbe92ba040,DZIRE
67dbac100dc9badbe92ba02e,DZIRE
67dbac100dc9badbe92ba031,DZIRE
67dbac110dc9badbe92ba04c,DZIRE
67dbac100dc9badbe92ba02f,DZIRE
67dbac100dc9badbe92ba03b,DZIRE
67dbac100dc9badbe92ba03c,DZIRE
67dbac100dc9badbe92ba032,DZIRE
67dbac100dc9badbe92ba033,DZIRE
67dbac100dc9badbe92ba035,DZIRE
67dbac100dc9badbe92ba034,DZIRE
67dbac100dc9badbe92ba038,DZIRE
67dbac100dc9badbe92ba041,DZIRE
67dbac100dc9badbe92ba037,DZIRE
67dbac100dc9badbe92ba03d,DZIRE
67dbac110dc9badbe92ba047,DZIRE
67dbac100dc9badbe92ba039,DZIRE
67dbac100dc9badbe92ba03a,DZIRE
67dbac100dc9badbe92ba043,DZIRE
67dbac100dc9badbe92ba03e,DZIRE
67dbac120dc9badbe92ba065,DZIRE
67dbac140dc9badbe92ba083,DZIRE
67dbac100dc9badbe92ba03f,DZIRE
67dbac110dc9badbe92ba046,DZIRE
67dbac120dc9badbe92ba06b,DZIRE
67dbac100dc9badbe92ba042,DZIRE
67dbac110dc9badbe92ba045,DZIRE
67dbac130dc9badbe92ba075,DZIRE
67dbac100dc9badbe92ba044,DZIRE
67dbac110dc9badbe92ba04a,DZIRE
67dbac110dc9badbe92ba04e,DZIRE
67dbac110dc9badbe92ba048,DZIRE
67dbac120dc9badbe92ba068,DZIRE
67dbac160dc9badbe92ba0c0,DZIRE
67dbac110dc9badbe92ba04d,DZIRE
67dbac110dc9badbe92ba051,DZIRE
67dbac110dc9badbe92ba055,DZIRE
67dbac110dc9badbe92ba052,DZIRE
67dbac110dc9badbe92ba056,DZIRE
67dbac120dc9badbe92ba05c,DZIRE
67dbac110dc9badbe92ba053,DZIRE
67dbac110dc9badbe92ba054,DZIRE
67dbac150dc9badbe92ba0a8,DZIRE
67dbac110dc9badbe92ba057,DZIRE
67dbac130dc9badbe92ba072,DZIRE
67dbac150dc9badbe92ba097,DZIRE
67dbac110dc9badbe92ba058,DZIRE
67dbac270dc9badbe92ba172,FRONX
67dbac280dc9badbe92ba181,FRONX
67dbac110dc9badbe92ba059,DZIRE
67dbac120dc9badbe92ba064,DZIRE
67dbac120dc9badbe92ba06f,DZIRE
67dbac110dc9badbe92ba05a,DZIRE
67dbac120dc9badbe92ba05b,DZIRE
67dbac120dc9badbe92ba05d,DZIRE
67dbac120dc9badbe92ba05e,DZIRE
67dbac130dc9badbe92ba078,DZIRE
67dbac130dc9badbe92ba07c,DZIRE
67dbac120dc9badbe92ba05f,DZIRE
67dbac120dc9badbe92ba061,DZIRE
67dbac120dc9badbe92ba067,DZIRE
67dbac120dc9badbe92ba062,DZIRE
67dbac120dc9badbe92ba066,DZIRE
67dbac120dc9badbe92ba069,DZIRE
67dbac120dc9badbe92ba06c,DZIRE
67dbac340dc9badbe92ba23f,WAGONR
67dbac120dc9badbe92ba06d,DZIRE
67dbac160dc9badbe92ba0bc,DZIRE
67dbac210dc9badbe92ba0fa,FRONX
67dbac120dc9badbe92ba06e,DZIRE
67dbac130dc9badbe92ba071,DZIRE
67dbac160dc9badbe92ba0c1,DZIRE
67dbac120dc9badbe92ba070,DZIRE
67dbac130dc9badbe92ba073,DZIRE
67dbac140dc9badbe92ba08f,DZIRE
67dbac130dc9badbe92ba074,DZIRE
67dbac130dc9badbe92ba076,DZIRE
67dbac130dc9badbe92ba077,DZIRE
67dbac130dc9badbe92ba079,DZIRE
67dbac130dc9badbe92ba07a,DZIRE
67dbac130dc9badbe92ba07d,DZIRE
67dbac130dc9badbe92ba07b,DZIRE
67dbac130dc9badbe92ba082,DZIRE
67dbac140dc9badbe92ba088,DZIRE
67dbac130dc9badbe92ba07e,DZIRE
67dbac130dc9badbe92ba07f,DZIRE
67dbac130dc9badbe92ba080,DZIRE
67dbac140dc9badbe92ba089,DZIRE
67dbac130dc9badbe92ba081,DZIRE
67dbac140dc9badbe92ba08a,DZIRE
67dbac140dc9badbe92ba08b,DZIRE
67dbac140dc9badbe92ba084,DZIRE
67dbac140dc9badbe92ba087,DZIRE
67dbac150dc9badbe92ba095,DZIRE
67dbac140dc9badbe92ba085,DZIRE
67dbac150dc9badbe92ba09e,DZIRE
67dbac310dc9badbe92ba205,WAGONR
67dbac140dc9badbe92ba086,DZIRE
67dbac140dc9badbe92ba08c,DZIRE
67dbac140dc9badbe92ba090,DZIRE
67dbac140dc9badbe92ba08d,DZIRE
67dbac140dc9badbe92ba094,DZIRE
67dbac140dc9badbe92ba08e,DZIRE
67dbac150dc9badbe92ba0a7,DZIRE
67dbac160dc9badbe92ba0ae,DZIRE
67dbac140dc9badbe92ba091,DZIRE
67dbac150dc9badbe92ba0a2,DZIRE
67dbac160dc9badbe92ba0ad,DZIRE
67dbac140dc9badbe92ba092,DZIRE
67dbac140dc9badbe92ba093,DZIRE
67dbac160dc9badbe92ba0b1,DZIRE
67dbac150dc9badbe92ba096,DZIRE
67dbac150dc9badbe92ba098,DZIRE
67dbac150dc9badbe92ba099,DZIRE
67dbac150dc9badbe92ba09a,DZIRE
67dbac150dc9badbe92ba09b,DZIRE
67dbac150dc9badbe92ba09f,DZIRE
67dbac150dc9badbe92ba09c,DZIRE
67dbac150dc9badbe92ba0a4,DZIRE
67dbac190dc9badbe92ba0d8,EVITARA
67dbac150dc9badbe92ba09d,DZIRE
67dbac150dc9badbe92ba0a1,DZIRE
67dbac150dc9badbe92ba0a3,DZIRE
67dbac150dc9badbe92ba0a0,DZIRE
67dbac150dc9badbe92ba0a5,DZIRE
67dbac160dc9badbe92ba0af,DZIRE
67dbac150dc9badbe92ba0a6,DZIRE
67dbac150dc9badbe92ba0ab,DZIRE
67dbac150dc9badbe92ba0ac,DZIRE
67dbac150dc9badbe92ba0a9,DZIRE
67dbac150dc9badbe92ba0aa,DZIRE
67dbac170dc9badbe92ba0c3,DZIRE
67dbac160dc9badbe92ba0b0,DZIRE
67dbac160dc9badbe92ba0bf,DZIRE
67dbac170dc9badbe92ba0c2,DZIRE
67dbac160dc9badbe92ba0b2,DZIRE
67dbac160dc9badbe92ba0b3,DZIRE
67dbac160dc9badbe92ba0b8,DZIRE
67dbac160dc9badbe92ba0b4,DZIRE
67dbac160dc9badbe92ba0b5,DZIRE
67dbac320dc9badbe92ba219,WAGONR
67dbac160dc9badbe92ba0b6,DZIRE
67dbac160dc9badbe92ba0b7,DZIRE
67dbac160dc9badbe92ba0b9,DZIRE
67dbac160dc9badbe92ba0bb,DZIRE
67dbac160dc9badbe92ba0bd,DZIRE
67dbac170dc9badbe92ba0c6,DZIRE
67dbac170dc9badbe92ba0c5,DZIRE
67dbac160dc9badbe92ba0be,DZIRE
67dbac170dc9badbe92ba0c4,DZIRE
67dbac170dc9badbe92ba0c7,DZIRE
67dbac190dc9badbe92ba0d7,EVITARA
67dbac220dc9badbe92ba10f,FRONX
67dbac170dc9badbe92ba0c8,DZIRE
67dbac170dc9badbe92ba0ca,DZIRE
67dbac310dc9badbe92ba201,WAGONR
67dbac170dc9badbe92ba0c9,DZIRE
67dbac2f0dc9badbe92ba1ea,WAGONR
67dbac300dc9badbe92ba1ed,WAGONR
67dbac190dc9badbe92ba0cb,EVITARA
67dbac190dc9badbe92ba0cd,EVITARA
67dbac190dc9badbe92ba0cf,EVITARA
67dbac190dc9badbe92ba0ce,EVITARA
67dbac190dc9badbe92ba0d0,EVITARA
67dbac190dc9badbe92ba0dc,EVITARA
67dbac190dc9badbe92ba0d2,EVITARA
67dbac320dc9badbe92ba222,WAGONR
67dbac190dc9badbe92ba0d3,EVITARA
67dbac190dc9badbe92ba0da,EVITARA
67dbac190dc9badbe92ba0df,EVITARA
67dbac190dc9badbe92ba0d6,EVITARA
67dbac200dc9badbe92ba0e2,FRONX
67dbac210dc9badbe92ba0e8,FRONX
67dbac190dc9badbe92ba0d9,EVITARA
67dbac190dc9badbe92ba0db,EVITARA
67dbac190dc9badbe92ba0dd,EVITARA
67dbac320dc9badbe92ba216,WAGONR
67dbac190dc9badbe92ba0de,EVITARA
67dbac320dc9badbe92ba21d,WAGONR
67dbac330dc9badbe92ba228,WAGONR
67dbac1a0dc9badbe92ba0e0,EVITARA
67dbac250dc9badbe92ba141,FRONX
67dbac250dc9badbe92ba142,FRONX
67dbac200dc9badbe92ba0e1,FRONX
67dbac200dc9badbe92ba0e3,FRONX
67dbac210dc9badbe92ba0e4,FRONX
67dbac210dc9badbe92ba0e5,FRONX
67dbac210dc9badbe92ba0e7,FRONX
67dbac210dc9badbe92ba0f3,FRONX
67dbac210dc9badbe92ba0e6,FRONX
67dbac210dc9badbe92ba0eb,FRONX
67dbac210dc9badbe92ba0f0,FRONX
67dbac210dc9badbe92ba0e9,FRONX
67dbac210dc9badbe92ba0ea,FRONX
67dbac210dc9badbe92ba0ec,FRONX
67dbac210dc9badbe92ba0ed,FRONX
67dbac210dc9badbe92ba0ee,FRONX
67dbac210dc9badbe92ba0f2,FRONX
67dbac210dc9badbe92ba0ef,FRONX
67dbac210dc9badbe92ba0f1,FRONX
67dbac210dc9badbe92ba0f4,FRONX
67dbac210dc9badbe92ba0f5,FRONX
67dbac220dc9badbe92ba0ff,FRONX
67dbac220dc9badbe92ba107,FRONX
67dbac210dc9badbe92ba0f6,FRONX
67dbac210dc9badbe92ba0f7,FRONX
67dbac220dc9badbe92ba0fb,FRONX
67dbac210dc9badbe92ba0f8,FRONX
67dbac230dc9badbe92ba123,FRONX
67dbac240dc9badbe92ba133,FRONX
67dbac210dc9badbe92ba0f9,FRONX
67dbac220dc9badbe92ba0fd,FRONX
67dbac220dc9badbe92ba103,FRONX
67dbac220dc9badbe92ba0fc,FRONX
67dbac220dc9badbe92ba105,FRONX
67dbac220dc9badbe92ba10c,FRONX
67dbac220dc9badbe92ba0fe,FRONX
67dbac220dc9badbe92ba108,FRONX
67dbac220dc9badbe92ba109,FRONX
67dbac220dc9badbe92ba100,FRONX
67dbac220dc9badbe92ba101,FRONX
67dbac220dc9badbe92ba102,FRONX
67dbac220dc9badbe92ba104,FRONX
67dbac230dc9badbe92ba125,FRONX
67dbac270dc9badbe92ba175,FRONX
67dbac220dc9badbe92ba106,FRONX
67dbac230dc9badbe92ba114,FRONX
67dbac280dc9badbe92ba188,FRONX
67dbac220dc9badbe92ba10a,FRONX
67dbac220dc9badbe92ba10e,FRONX
67dbac240dc9badbe92ba12f,FRONX
67dbac220dc9badbe92ba10b,FRONX
67dbac230dc9badbe92ba112,FRONX
67dbac230dc9badbe92ba115,FRONX
67dbac220dc9badbe92ba10d,FRONX
67dbac230dc9badbe92ba116,FRONX
67dbac230dc9badbe92ba11d,FRONX
67dbac230dc9badbe92ba110,FRONX
67dbac230dc9badbe92ba117,FRONX
67dbac230dc9badbe92ba118,FRONX
67dbac230dc9badbe92ba111,FRONX
67dbac230dc9badbe92ba113,FRONX
67dbac230dc9badbe92ba11a,FRONX
67dbac230dc9badbe92ba119,FRONX
67dbac240dc9badbe92ba132,FRONX
67dbac250dc9badbe92ba13e,FRONX
67dbac230dc9badbe92ba11b,FRONX
67dbac230dc9badbe92ba11e,FRONX
67dbac230dc9badbe92ba122,FRONX
67dbac230dc9badbe92ba11c,FRONX
67dbac230dc9badbe92ba11f,FRONX
67dbac230dc9badbe92ba121,FRONX
67dbac230dc9badbe92ba120,FRONX
67dbac230dc9badbe92ba124,FRONX
67dbac230dc9badbe92ba126,FRONX
67dbac240dc9badbe92ba127,FRONX
67dbac240dc9badbe92ba128,FRONX
67dbac240dc9badbe92ba12c,FRONX
67dbac240dc9badbe92ba129,FRONX
67dbac240dc9badbe92ba12a,FRONX
67dbac240dc9badbe92ba12b,FRONX
67dbac240dc9badbe92ba12d,FRONX
67dbac240dc9badbe92ba12e,FRONX
67dbac250dc9badbe92ba13f,FRONX
67dbac240dc9badbe92ba130,FRONX
67dbac240dc9badbe92ba13a,FRONX
67dbac280dc9badbe92ba185,FRONX
67dbac240dc9badbe92ba131,FRONX
67dbac240dc9badbe92ba134,FRONX
67dbac280dc9badbe92ba17e,FRONX
67dbac240dc9badbe92ba135,FRONX
67dbac240dc9badbe92ba138,FRONX
67dbac270dc9badbe92ba177,FRONX
67dbac240dc9badbe92ba136,FRONX
67dbac280dc9badbe92ba18c,FRONX
67dbac2e0dc9badbe92ba1c2,WAGONR
67dbac240dc9badbe92ba137,FRONX
67dbac2e0dc9badbe92ba1d1,WAGONR
67dbac2f0dc9badbe92ba1d9,WAGONR
67dbac240dc9badbe92ba139,FRONX
67dbac250dc9badbe92ba13c,FRONX
67dbac2d0dc9badbe92ba1b7,WAGONR
67dbac250dc9badbe92ba13b,FRONX
67dbac270dc9badbe92ba174,FRONX
67dbac280dc9badbe92ba17a,FRONX
67dbac250dc9badbe92ba13d,FRONX
67dbac2d0dc9badbe92ba1ba,WAGONR
67dbac2e0dc9badbe92ba1c3,WAGONR
67dbac250dc9badbe92ba140,FRONX
67dbac250dc9badbe92ba146,FRONX
67dbac260dc9badbe92ba156,FRONX
67dbac250dc9badbe92ba143,FRONX
67dbac250dc9badbe92ba144,FRONX
67dbac250dc9badbe92ba14c,FRONX
67dbac250dc9badbe92ba145,FRONX
67dbac250dc9badbe92ba147,FRONX
67dbac250dc9badbe92ba148,FRONX
67dbac250dc9badbe92ba149,FRONX
67dbac250dc9badbe92ba14e,FRONX
67dbac250dc9badbe92ba150,FRONX
67dbac250dc9badbe92ba14a,FRONX
67dbac250dc9badbe92ba14f,FRONX
67dbac290dc9badbe92ba19a,FRONX
67dbac250dc9badbe92ba14b,FRONX
67dbac260dc9badbe92ba152,FRONX
67dbac260dc9badbe92ba154,FRONX
67dbac250dc9badbe92ba14d,FRONX
67dbac260dc9badbe92ba15b,FRONX
67dbac260dc9badbe92ba160,FRONX
67dbac250dc9badbe92ba151,FRONX
67dbac260dc9badbe92ba15e,FRONX
67dbac260dc9badbe92ba161,FRONX
67dbac260dc9badbe92ba153,FRONX
67dbac260dc9badbe92ba155,FRONX
67dbac260dc9badbe92ba164,FRONX
67dbac260dc9badbe92ba157,FRONX
67dbac270dc9badbe92ba166,FRONX
67dbac270dc9badbe92ba167,FRONX
67dbac260dc9badbe92ba159,FRONX
67dbac260dc9badbe92ba15f,FRONX
67dbac270dc9badbe92ba169,FRONX
67dbac260dc9badbe92ba15a,FRONX
67dbac270dc9badbe92ba16d,FRONX
67dbac270dc9badbe92ba16e,FRONX
67dbac260dc9badbe92ba15c,FRONX
67dbac260dc9badbe92ba15d,FRONX
67dbac260dc9badbe92ba162,FRONX
67dbac260dc9badbe92ba163,FRONX
67dbac270dc9badbe92ba168,FRONX
67dbac280dc9badbe92ba186,FRONX
67dbac260dc9badbe92ba165,FRONX
67dbac270dc9badbe92ba16f,FRONX
67dbac270dc9badbe92ba170,FRONX
67dbac270dc9badbe92ba16a,FRONX
67dbac270dc9badbe92ba16b,FRONX
67dbac280dc9badbe92ba18a,FRONX
67dbac270dc9badbe92ba16c,FRONX
67dbac270dc9badbe92ba176,FRONX
67dbac270dc9badbe92ba171,FRONX
67dbac270dc9badbe92ba173,FRONX
67dbac280dc9badbe92ba187,FRONX
67dbac270dc9badbe92ba178,FRONX
67dbac290dc9badbe92ba18e,FRONX
67dbac290dc9badbe92ba190,FRONX
67dbac270dc9badbe92ba179,FRONX
67dbac280dc9badbe92ba17d,FRONX
67dbac290dc9badbe92ba197,FRONX
67dbac280dc9badbe92ba17b,FRONX
67dbac280dc9badbe92ba17c,FRONX
67dbac290dc9badbe92ba192,FRONX
67dbac280dc9badbe92ba17f,FRONX
67dbac280dc9badbe92ba180,FRONX
67dbac2a0dc9badbe92ba1b0,FRONX
67dbac280dc9badbe92ba182,FRONX
67dbac2e0dc9badbe92ba1c4,WAGONR
67dbac2e0dc9badbe92ba1c8,WAGONR
67dbac280dc9badbe92ba183,FRONX
67dbac2a0dc9badbe92ba1a4,FRONX
67dbac2a0dc9badbe92ba1a5,FRONX
67dbac280dc9badbe92ba184,FRONX
67dbac280dc9badbe92ba18b,FRONX
67dbac290dc9badbe92ba19f,FRONX
67dbac280dc9badbe92ba189,FRONX
67dbac290dc9badbe92ba18f,FRONX
67dbac290dc9badbe92ba19b,FRONX
67dbac280dc9badbe92ba18d,FRONX
67dbac290dc9badbe92ba193,FRONX
67dbac290dc9badbe92ba194,FRONX
67dbac290dc9badbe92ba191,FRONX
67dbac300dc9badbe92ba1eb,WAGONR
67dbac300dc9badbe92ba1f4,WAGONR
67dbac290dc9badbe92ba195,FRONX
67dbac290dc9badbe92ba198,FRONX
67dbac290dc9badbe92ba1a2,FRONX
67dbac290dc9badbe92ba196,FRONX
67dbac290dc9badbe92ba199,FRONX
67dbac290dc9badbe92ba19c,FRONX
67dbac290dc9badbe92ba19d,FRONX
67dbac290dc9badbe92ba1a1,FRONX
67dbac2a0dc9badbe92ba1ac,FRONX
67dbac290dc9badbe92ba19e,FRONX
67dbac290dc9badbe92ba1a3,FRONX
67dbac2a0dc9badbe92ba1a7,FRONX
67dbac290dc9badbe92ba1a0,FRONX
67dbac2d0dc9badbe92ba1b8,WAGONR
67dbac2d0dc9badbe92ba1b9,WAGONR
67dbac2a0dc9badbe92ba1a6,FRONX
67dbac2a0dc9badbe92ba1b4,FRONX
67dbac2a0dc9badbe92ba1b5,FRONX
67dbac2a0dc9badbe92ba1a8,FRONX
67dbac2a0dc9badbe92ba1ae,FRONX
67dbac300dc9badbe92ba1fa,WAGONR
67dbac2a0dc9badbe92ba1a9,FRONX
67dbac2e0dc9badbe92ba1d5,WAGONR
67dbac2a0dc9badbe92ba1aa,FRONX
67dbac2e0dc9badbe92ba1cb,WAGONR
67dbac2f0dc9badbe92ba1d6,WAGONR
67dbac2a0dc9badbe92ba1ab,FRONX
67dbac2e0dc9badbe92ba1c5,WAGONR
67dbac310dc9badbe92ba204,WAGONR
67dbac2a0dc9badbe92ba1ad,FRONX
67dbac2a0dc9badbe92ba1af,FRONX
67dbac2a0dc9badbe92ba1b1,FRONX
67dbac2a0dc9badbe92ba1b3,FRONX
67dbac2e0dc9badbe92ba1cf,WAGONR
67dbac2a0dc9badbe92ba1b2,FRONX
67dbac2d0dc9badbe92ba1c0,WAGONR
67dbac2a0dc9badbe92ba1b6,FRONX
67dbac2e0dc9badbe92ba1d0,WAGONR
67dbac2d0dc9badbe92ba1bb,WAGONR
67dbac2d0dc9badbe92ba1bc,WAGONR
67dbac300dc9badbe92ba1f6,WAGONR
67dbac2d0dc9badbe92ba1bd,WAGONR
67dbac2d0dc9badbe92ba1bf,WAGONR
67dbac2f0dc9badbe92ba1de,WAGONR
67dbac2d0dc9badbe92ba1be,WAGONR
67dbac320dc9badbe92ba21e,WAGONR
67dbac320dc9badbe92ba223,WAGONR
67dbac2d0dc9badbe92ba1c1,WAGONR
67dbac2e0dc9badbe92ba1cc,WAGONR
67dbac2f0dc9badbe92ba1e5,WAGONR
67dbac2e0dc9badbe92ba1c6,WAGONR
67dbac2e0dc9badbe92ba1c9,WAGONR
67dbac2e0dc9badbe92ba1cd,WAGONR
67dbac2e0dc9badbe92ba1c7,WAGONR
67dbac2f0dc9badbe92ba1da,WAGONR
67dbac2f0dc9badbe92ba1e0,WAGONR
67dbac2e0dc9badbe92ba1ca,WAGONR
67dbac300dc9badbe92ba1f1,WAGONR
67dbac300dc9badbe92ba1fc,WAGONR
67dbac2e0dc9badbe92ba1ce,WAGONR
67dbac2f0dc9badbe92ba1e8,WAGONR
67dbac2e0dc9badbe92ba1d2,WAGONR
67dbac2e0dc9badbe92ba1d3,WAGONR
67dbac2f0dc9badbe92ba1d7,WAGONR
67dbac2e0dc9badbe92ba1d4,WAGONR
67dbac2f0dc9badbe92ba1df,WAGONR
67dbac2f0dc9badbe92ba1e1,WAGONR
67dbac2f0dc9badbe92ba1d8,WAGONR
67dbac2f0dc9badbe92ba1e3,WAGONR
67dbac310dc9badbe92ba200,WAGONR
67dbac2f0dc9badbe92ba1db,WAGONR
67dbac2f0dc9badbe92ba1e4,WAGONR
67dbac330dc9badbe92ba22c,WAGONR
67dbac2f0dc9badbe92ba1dc,WAGONR
67dbac2f0dc9badbe92ba1e7,WAGONR
67dbac2f0dc9badbe92ba1e9,WAGONR
67dbac2f0dc9badbe92ba1dd,WAGONR
67dbac310dc9badbe92ba1ff,WAGONR
67dbac310dc9badbe92ba206,WAGONR
67dbac2f0dc9badbe92ba1e2,WAGONR
67dbac2f0dc9badbe92ba1e6,WAGONR
67dbac340dc9badbe92ba242,WAGONR
67dbac340dc9badbe92ba243,WAGONR
67dbac300dc9badbe92ba1ec,WAGONR
67dbac300dc9badbe92ba1f2,WAGONR
67dbac300dc9badbe92ba1ee,WAGONR
67dbac300dc9badbe92ba1f7,WAGONR
67dbac300dc9badbe92ba1ef,WAGONR
67dbac300dc9badbe92ba1f0,WAGONR
67dbac300dc9badbe92ba1f3,WAGONR
67dbac300dc9badbe92ba1f5,WAGONR
67dbac310dc9badbe92ba20d,WAGONR
67dbac300dc9badbe92ba1f8,WAGONR
67dbac300dc9badbe92ba1f9,WAGONR
67dbac300dc9badbe92ba1fb,WAGONR
67dbac310dc9badbe92ba202,WAGONR
67dbac310dc9badbe92ba20f,WAGONR
67dbac310dc9badbe92ba211,WAGONR
67dbac310dc9badbe92ba203,WAGONR
67dbac320dc9badbe92ba225,WAGONR
67dbac310dc9badbe92ba207,WAGONR
67dbac320dc9badbe92ba21c,WAGONR
67dbac330dc9badbe92ba233,WAGONR
67dbac310dc9badbe92ba208,WAGONR
67dbac310dc9badbe92ba209,WAGONR
67dbac310dc9badbe92ba20c,WAGONR
67dbac320dc9badbe92ba221,WAGONR
67dbac310dc9badbe92ba20a,WAGONR
67dbac310dc9badbe92ba20e,WAGONR
67dbac310dc9badbe92ba20b,WAGONR
67dbac310dc9badbe92ba210,WAGONR
67dbac330dc9badbe92ba226,WAGONR
67dbac330dc9badbe92ba231,WAGONR
67dbac310dc9badbe92ba212,WAGONR
67dbac320dc9badbe92ba213,WAGONR
67dbac320dc9badbe92ba214,WAGONR
67dbac320dc9badbe92ba215,WAGONR
67dbac320dc9badbe92ba217,WAGONR
67dbac320dc9badbe92ba218,WAGONR
67dbac320dc9badbe92ba224,WAGONR
67dbac340dc9badbe92ba241,WAGONR
67dbac320dc9badbe92ba21a,WAGONR
67dbac320dc9badbe92ba220,WAGONR
67dbac330dc9badbe92ba239,WAGONR
67dbac320dc9badbe92ba21b,WAGONR
67dbac340dc9badbe92ba23d,WAGONR
67dbac340dc9badbe92ba240,WAGONR
67dbac320dc9badbe92ba21f,WAGONR
67dbac340dc9badbe92ba245,WAGONR
67dbac340dc9badbe92ba247,WAGONR
67dbac330dc9badbe92ba227,WAGONR
67dbac330dc9badbe92ba229,WAGONR
67dbac330dc9badbe92ba23a,WAGONR
67dbac330dc9badbe92ba22a,WAGONR
67dbac330dc9badbe92ba22b,WAGONR
67dbac330dc9badbe92ba22e,WAGONR
67dbac330dc9badbe92ba22d,WAGONR
67dbac330dc9badbe92ba230,WAGONR
67dbac330dc9badbe92ba232,WAGONR
67dbac330dc9badbe92ba22f,WAGONR
67dbac330dc9badbe92ba234,WAGONR
67dbac330dc9badbe92ba235,WAGONR
67dbac330dc9badbe92ba236,WAGONR
67dbac330dc9badbe92ba237,WAGONR
67dbac330dc9badbe92ba238,WAGONR
67dbac350dc9badbe92ba253,WAGONR
67dbac330dc9badbe92ba23b,WAGONR
67dbac340dc9badbe92ba23c,WAGONR
67dbac340dc9badbe92ba23e,WAGONR
67dbac340dc9badbe92ba244,WAGONR
67dbac340dc9badbe92ba246,WAGONR
67dbac340dc9badbe92ba248,WAGONR
67dbac340dc9badbe92ba24b,WAGONR
67dbac350dc9badbe92ba251,WAGONR
67dbac340dc9badbe92ba249,WAGONR
67dbac340dc9badbe92ba24a,WAGONR
67dbac340dc9badbe92ba24e,WAGONR
67dbac340dc9badbe92ba24c,WAGONR
67dbac340dc9badbe92ba24d,WAGONR
67dbac340dc9badbe92ba24f,WAGONR
67dbac350dc9badbe92ba250,WAGONR
67dbac350dc9badbe92ba252,WAGONR
67dbac350dc9badbe92ba254,WAGONR
67dbac350dc9badbe92ba255,WAGONR
67dbaca30dc9badbe92ba256,INVICTO
67dbaca30dc9badbe92ba257,INVICTO
67dbaca30dc9badbe92ba258,INVICTO
67dbaca30dc9badbe92ba259,INVICTO
67dbaca30dc9badbe92ba25a,INVICTO
67dbaca30dc9badbe92ba25b,INVICTO
67dbaca30dc9badbe92ba25c,INVICTO
67dbaca30dc9badbe92ba25d,INVICTO
67dbaca30dc9badbe92ba25e,INVICTO
67dbaca30dc9badbe92ba25f,INVICTO
67dbaca30dc9badbe92ba261,INVICTO
67dbaca30dc9badbe92ba263,INVICTO
67dbaca30dc9badbe92ba260,INVICTO
67dbaca30dc9badbe92ba262,INVICTO
67dbaca40dc9badbe92ba26c,INVICTO
67dbaca40dc9badbe92ba27e,INVICTO
67dbaca30dc9badbe92ba264,INVICTO
67dbaca30dc9badbe92ba265,INVICTO
67dbaca30dc9badbe92ba266,INVICTO
67dbaca30dc9badbe92ba267,INVICTO
67dbaca30dc9badbe92ba268,INVICTO
67dbaca30dc9badbe92ba269,INVICTO
67dbaca40dc9badbe92ba26a,INVICTO
67dbaca40dc9badbe92ba279,INVICTO
67dbaca40dc9badbe92ba27c,INVICTO
67dbaca40dc9badbe92ba26b,INVICTO
67dbaca40dc9badbe92ba26d,INVICTO
67dbaca50dc9badbe92ba285,INVICTO
67dbaca40dc9badbe92ba26e,INVICTO
67dbaca40dc9badbe92ba26f,INVICTO
67dbaca40dc9badbe92ba270,INVICTO
67dbaca40dc9badbe92ba271,INVICTO
67dbaca40dc9badbe92ba277,INVICTO
67dbaca40dc9badbe92ba272,INVICTO
67dbaca40dc9badbe92ba275,INVICTO
67dbaca40dc9badbe92ba273,INVICTO
67dbaca40dc9badbe92ba274,INVICTO
67dbaca40dc9badbe92ba276,INVICTO
67dbaca40dc9badbe92ba278,INVICTO
67dbaca40dc9badbe92ba27a,INVICTO
67dbaca40dc9badbe92ba27b,INVICTO
67dbaca40dc9badbe92ba27d,INVICTO
67dbaca50dc9badbe92ba281,INVICTO
67dbaca50dc9badbe92ba284,INVICTO
67dbaca40dc9badbe92ba27f,INVICTO
67dbaca50dc9badbe92ba282,INVICTO
67dbaca50dc9badbe92ba280,INVICTO
67dbaca50dc9badbe92ba283,INVICTO
67dbad2d0dc9badbe92ba286,GRAND VITARA
67dbad2d0dc9badbe92ba287,GRAND VITARA
67dbad2d0dc9badbe92ba288,GRAND VITARA
67dbad300dc9badbe92ba2c8,GRAND VITARA
67dbad360dc9badbe92ba330,GRAND VITARA
67dbad2d0dc9badbe92ba289,GRAND VITARA
67dbad2d0dc9badbe92ba28a,GRAND VITARA
67dbad2d0dc9badbe92ba28b,GRAND VITARA
67dbad2d0dc9badbe92ba28c,GRAND VITARA
67dbad2e0dc9badbe92ba28d,GRAND VITARA
67dbad2e0dc9badbe92ba28e,GRAND VITARA
67dbad2e0dc9badbe92ba28f,GRAND VITARA
67dbad2e0dc9badbe92ba290,GRAND VITARA
67dbad2e0dc9badbe92ba291,GRAND VITARA
67dbad2e0dc9badbe92ba292,GRAND VITARA
67dbad2e0dc9badbe92ba293,GRAND VITARA
67dbad2e0dc9badbe92ba294,GRAND VITARA
67dbad2e0dc9badbe92ba295,GRAND VITARA
67dbad2f0dc9badbe92ba2a9,GRAND VITARA
67dbad2f0dc9badbe92ba2ab,GRAND VITARA
67dbad2e0dc9badbe92ba296,GRAND VITARA
67dbad2e0dc9badbe92ba297,GRAND VITARA
67dbad310dc9badbe92ba2d8,GRAND VITARA
67dbad2e0dc9badbe92ba298,GRAND VITARA
67dbad2e0dc9badbe92ba299,GRAND VITARA
67dbad2e0dc9badbe92ba29a,GRAND VITARA
67dbad2e0dc9badbe92ba29b,GRAND VITARA
67dbad2f0dc9badbe92ba2a2,GRAND VITARA
67dbad2f0dc9badbe92ba2a4,GRAND VITARA
67dbad2e0dc9badbe92ba29c,GRAND VITARA
67dbad2e0dc9badbe92ba29d,GRAND VITARA
67dbad2e0dc9badbe92ba29e,GRAND VITARA
67dbad2e0dc9badbe92ba29f,GRAND VITARA
67dbad300dc9badbe92ba2c6,GRAND VITARA
67dbad300dc9badbe92ba2c7,GRAND VITARA
67dbad2f0dc9badbe92ba2a0,GRAND VITARA
67dbad2f0dc9badbe92ba2a1,GRAND VITARA
67dbad2f0dc9badbe92ba2a3,GRAND VITARA
67dbad2f0dc9badbe92ba2a5,GRAND VITARA
67dbad2f0dc9badbe92ba2b0,GRAND VITARA
67dbad300dc9badbe92ba2b6,GRAND VITARA
67dbad2f0dc9badbe92ba2a6,GRAND VITARA
67dbad300dc9badbe92ba2c1,GRAND VITARA
67dbad300dc9badbe92ba2c2,GRAND VITARA
67dbad2f0dc9badbe92ba2a7,GRAND VITARA
67dbad2f0dc9badbe92ba2aa,GRAND VITARA
67dbad310dc9badbe92ba2d3,GRAND VITARA
67dbad2f0dc9badbe92ba2a8,GRAND VITARA
67dbad300dc9badbe92ba2be,GRAND VITARA
67dbad310dc9badbe92ba2d9,GRAND VITARA
67dbad2f0dc9badbe92ba2ac,GRAND VITARA
67dbad2f0dc9badbe92ba2ad,GRAND VITARA
67dbad300dc9badbe92ba2b7,GRAND VITARA
67dbad2f0dc9badbe92ba2ae,GRAND VITARA
67dbad2f0dc9badbe92ba2b3,GRAND VITARA
67dbad320dc9badbe92ba2e0,GRAND VITARA
67dbad2f0dc9badbe92ba2af,GRAND VITARA
67dbad300dc9badbe92ba2bb,GRAND VITARA
67dbad310dc9badbe92ba2d0,GRAND VITARA
67dbad2f0dc9badbe92ba2b1,GRAND VITARA
67dbad2f0dc9badbe92ba2b2,GRAND VITARA
67dbad300dc9badbe92ba2bc,GRAND VITARA
67dbad300dc9badbe92ba2b4,GRAND VITARA
67dbad370dc9badbe92ba349,GRAND VITARA
67dbad370dc9badbe92ba34a,GRAND VITARA
67dbad300dc9badbe92ba2b5,GRAND VITARA
67dbad360dc9badbe92ba32d,GRAND VITARA
67dbad360dc9badbe92ba333,GRAND VITARA
67dbad300dc9badbe92ba2b8,GRAND VITARA
67dbad310dc9badbe92ba2d4,GRAND VITARA
67dbad320dc9badbe92ba2e2,GRAND VITARA
67dbad300dc9badbe92ba2b9,GRAND VITARA
67dbad300dc9badbe92ba2ba,GRAND VITARA
67dbad300dc9badbe92ba2bd,GRAND VITARA
67dbad300dc9badbe92ba2bf,GRAND VITARA
67dbad300dc9badbe92ba2c3,GRAND VITARA
67dbad310dc9badbe92ba2cc,GRAND VITARA
67dbad300dc9badbe92ba2c0,GRAND VITARA
67dbad320dc9badbe92ba2de,GRAND VITARA
67dbad320dc9badbe92ba2ef,GRAND VITARA
67dbad300dc9badbe92ba2c4,GRAND VITARA
67dbad340dc9badbe92ba316,GRAND VITARA
67dbad350dc9badbe92ba31e,GRAND VITARA
67dbad300dc9badbe92ba2c5,GRAND VITARA
67dbad300dc9badbe92ba2c9,GRAND VITARA
67dbad310dc9badbe92ba2ca,GRAND VITARA
67dbad310dc9badbe92ba2cb,GRAND VITARA
67dbad310dc9badbe92ba2cd,GRAND VITARA
67dbad310dc9badbe92ba2d7,GRAND VITARA
67dbad310dc9badbe92ba2ce,GRAND VITARA
67dbad310dc9badbe92ba2cf,GRAND VITARA
67dbad310dc9badbe92ba2d1,GRAND VITARA
67dbad310dc9badbe92ba2d2,GRAND VITARA
67dbad340dc9badbe92ba30b,GRAND VITARA
67dbad340dc9badbe92ba30e,GRAND VITARA
67dbad310dc9badbe92ba2d5,GRAND VITARA
67dbad340dc9badbe92ba307,GRAND VITARA
67dbad340dc9badbe92ba317,GRAND VITARA
67dbad310dc9badbe92ba2d6,GRAND VITARA
67dbad320dc9badbe92ba2e1,GRAND VITARA
67dbad370dc9badbe92ba348,GRAND VITARA
67dbad310dc9badbe92ba2da,GRAND VITARA
67dbad320dc9badbe92ba2eb,GRAND VITARA
67dbad370dc9badbe92ba344,GRAND VITARA
67dbad310dc9badbe92ba2db,GRAND VITARA
67dbad310dc9badbe92ba2dc,GRAND VITARA
67dbad330dc9badbe92ba2fa,GRAND VITARA
67dbad310dc9badbe92ba2dd,GRAND VITARA
67dbad320dc9badbe92ba2e3,GRAND VITARA
67dbad340dc9badbe92ba308,GRAND VITARA
67dbad320dc9badbe92ba2df,GRAND VITARA
67dbad320dc9badbe92ba2e4,GRAND VITARA
67dbad320dc9badbe92ba2e5,GRAND VITARA
67dbad320dc9badbe92ba2e6,GRAND VITARA
67dbad320dc9badbe92ba2e7,GRAND VITARA
67dbad330dc9badbe92ba2f4,GRAND VITARA
67dbad320dc9badbe92ba2e8,GRAND VITARA
67dbad320dc9badbe92ba2e9,GRAND VITARA
67dbad320dc9badbe92ba2ea,GRAND VITARA
67dbad320dc9badbe92ba2ec,GRAND VITARA
67dbad340dc9badbe92ba305,GRAND VITARA
67dbad350dc9badbe92ba321,GRAND VITARA
67dbad320dc9badbe92ba2ed,GRAND VITARA
67dbad320dc9badbe92ba2f1,GRAND VITARA
67dbad350dc9badbe92ba31f,GRAND VITARA
67dbad320dc9badbe92ba2ee,GRAND VITARA
67dbad360dc9badbe92ba33e,GRAND VITARA
67dbad360dc9badbe92ba33f,GRAND VITARA
67dbad320dc9badbe92ba2f0,GRAND VITARA
67dbad330dc9badbe92ba2f9,GRAND VITARA
67dbad340dc9badbe92ba306,GRAND VITARA
67dbad330dc9badbe92ba2f2,GRAND VITARA
67dbad330dc9badbe92ba300,GRAND VITARA
67dbad330dc9badbe92ba302,GRAND VITARA
67dbad330dc9badbe92ba2f3,GRAND VITARA
67dbad330dc9badbe92ba2f8,GRAND VITARA
67dbad380dc9badbe92ba363,GRAND VITARA
67dbad330dc9badbe92ba2f5,GRAND VITARA
67dbad340dc9badbe92ba312,GRAND VITARA
67dbad350dc9badbe92ba31c,GRAND VITARA
67dbad330dc9badbe92ba2f6,GRAND VITARA
67dbad340dc9badbe92ba309,GRAND VITARA
67dbad340dc9badbe92ba30c,GRAND VITARA
67dbad330dc9badbe92ba2f7,GRAND VITARA
67dbad350dc9badbe92ba31b,GRAND VITARA
67dbad370dc9badbe92ba345,GRAND VITARA
67dbad330dc9badbe92ba2fb,GRAND VITARA
67dbad350dc9badbe92ba323,GRAND VITARA
67dbad370dc9badbe92ba353,GRAND VITARA
67dbad330dc9badbe92ba2fc,GRAND VITARA
67dbad330dc9badbe92ba2ff,GRAND VITARA
67dbad340dc9badbe92ba30a,GRAND VITARA
67dbad330dc9badbe92ba2fd,GRAND VITARA
67dbad330dc9badbe92ba2fe,GRAND VITARA
67dbad330dc9badbe92ba301,GRAND VITARA
67dbad330dc9badbe92ba303,GRAND VITARA
67dbad370dc9badbe92ba346,GRAND VITARA
67dbad370dc9badbe92ba347,GRAND VITARA
67dbad340dc9badbe92ba304,GRAND VITARA
67dbad340dc9badbe92ba30d,GRAND VITARA
67dbad340dc9badbe92ba313,GRAND VITARA
67dbad340dc9badbe92ba30f,GRAND VITARA
67dbad340dc9badbe92ba310,GRAND VITARA
67dbad340dc9badbe92ba315,GRAND VITARA
67dbad340dc9badbe92ba311,GRAND VITARA
67dbad350dc9badbe92ba329,GRAND VITARA
67dbad370dc9badbe92ba34c,GRAND VITARA
67dbad340dc9badbe92ba314,GRAND VITARA
67dbad350dc9badbe92ba327,GRAND VITARA
67dbad350dc9badbe92ba32a,GRAND VITARA
67dbad340dc9badbe92ba318,GRAND VITARA
67dbad350dc9badbe92ba31a,GRAND VITARA
67dbad370dc9badbe92ba342,GRAND VITARA
67dbad350dc9badbe92ba319,GRAND VITARA
67dbad350dc9badbe92ba31d,GRAND VITARA
67dbad360dc9badbe92ba340,GRAND VITARA
67dbad350dc9badbe92ba320,GRAND VITARA
67dbad350dc9badbe92ba322,GRAND VITARA
67dbad350dc9badbe92ba324,GRAND VITARA
67dbad350dc9badbe92ba325,GRAND VITARA
67dbad350dc9badbe92ba326,GRAND VITARA
67dbad390dc9badbe92ba36a,GRAND VITARA
67dbad350dc9badbe92ba328,GRAND VITARA
67dbad350dc9badbe92ba32b,GRAND VITARA
67dbad350dc9badbe92ba32c,GRAND VITARA
67dbad360dc9badbe92ba32e,GRAND VITARA
67dbad360dc9badbe92ba331,GRAND VITARA
67dbad390dc9badbe92ba372,GRAND VITARA
67dbad360dc9badbe92ba32f,GRAND VITARA
67dbad360dc9badbe92ba332,GRAND VITARA
67dbad360dc9badbe92ba335,GRAND VITARA
67dbad360dc9badbe92ba334,GRAND VITARA
67dbad360dc9badbe92ba33a,GRAND VITARA
67dbad360dc9badbe92ba33b,GRAND VITARA
67dbad360dc9badbe92ba336,GRAND VITARA
67dbad360dc9badbe92ba338,GRAND VITARA
67dbad360dc9badbe92ba33d,GRAND VITARA
67dbad360dc9badbe92ba337,GRAND VITARA
67dbad360dc9badbe92ba339,GRAND VITARA
67dbad370dc9badbe92ba34f,GRAND VITARA
67dbad360dc9badbe92ba33c,GRAND VITARA
67dbad360dc9badbe92ba341,GRAND VITARA
67dbad370dc9badbe92ba343,GRAND VITARA
67dbad390dc9badbe92ba369,GRAND VITARA
67dbad370dc9badbe92ba34b,GRAND VITARA
67dbad370dc9badbe92ba34d,GRAND VITARA
67dbad380dc9badbe92ba354,GRAND VITARA
67dbad370dc9badbe92ba34e,GRAND VITARA
67dbad370dc9badbe92ba352,GRAND VITARA
67dbad380dc9badbe92ba355,GRAND VITARA
67dbad370dc9badbe92ba350,GRAND VITARA
67dbad380dc9badbe92ba35f,GRAND VITARA
67dbad380dc9badbe92ba360,GRAND VITARA
67dbad370dc9badbe92ba351,GRAND VITARA
67dbad380dc9badbe92ba358,GRAND VITARA
67dbad380dc9badbe92ba356,GRAND VITARA
67dbad380dc9badbe92ba35a,GRAND VITARA
67dbad380dc9badbe92ba35c,GRAND VITARA
67dbad380dc9badbe92ba357,GRAND VITARA
67dbad380dc9badbe92ba35e,GRAND VITARA
67dbad380dc9badbe92ba368,GRAND VITARA
67dbad380dc9badbe92ba359,GRAND VITARA
67dbad380dc9badbe92ba362,GRAND VITARA
67dbad380dc9badbe92ba364,GRAND VITARA
67dbad380dc9badbe92ba35b,GRAND VITARA
67dbad380dc9badbe92ba35d,GRAND VITARA
67dbad380dc9badbe92ba361,GRAND VITARA
67dbad390dc9badbe92ba373,GRAND VITARA
67dbad380dc9badbe92ba365,GRAND VITARA
67dbad390dc9badbe92ba36c,GRAND VITARA
67dbad390dc9badbe92ba36e,GRAND VITARA
67dbad380dc9badbe92ba366,GRAND VITARA
67dbad380dc9badbe92ba367,GRAND VITARA
67dbad390dc9badbe92ba36d,GRAND VITARA
67dbad390dc9badbe92ba36f,GRAND VITARA
67dbad390dc9badbe92ba36b,GRAND VITARA
67dbad390dc9badbe92ba374,GRAND VITARA
67dbad390dc9badbe92ba370,GRAND VITARA
67dbad390dc9badbe92ba375,GRAND VITARA
67dbad390dc9badbe92ba371,GRAND VITARA
67dbad390dc9badbe92ba376,GRAND VITARA
67dbad390dc9badbe92ba377,GRAND VITARA
67dbad390dc9badbe92ba378,GRAND VITARA
67dbad3a0dc9badbe92ba37f,GRAND VITARA
67dbad3a0dc9badbe92ba381,GRAND VITARA
67dbad390dc9badbe92ba379,GRAND VITARA
67dbad390dc9badbe92ba37b,GRAND VITARA
67dbad390dc9badbe92ba37c,GRAND VITARA
67dbad390dc9badbe92ba37a,GRAND VITARA
67dbad390dc9badbe92ba37d,GRAND VITARA
67dbad3a0dc9badbe92ba382,GRAND VITARA
67dbad3a0dc9badbe92ba37e,GRAND VITARA
67dbad3a0dc9badbe92ba380,GRAND VITARA
67dbad3a0dc9badbe92ba383,GRAND VITARA
67dbae1e0dc9badbe92ba384,XL6
67dbae1e0dc9badbe92ba385,XL6
67dbae1e0dc9badbe92ba386,XL6
67dbae1e0dc9badbe92ba387,XL6
67dbae1e0dc9badbe92ba388,XL6
67dbae1e0dc9badbe92ba389,XL6
67dbae1e0dc9badbe92ba38a,XL6
67dbae1e0dc9badbe92ba38b,XL6
67dbae1e0dc9badbe92ba38c,XL6
67dbae1e0dc9badbe92ba38e,XL6
67dbae1e0dc9badbe92ba38d,XL6
67dbae1e0dc9badbe92ba38f,XL6
67dbae1e0dc9badbe92ba390,XL6
67dbae1e0dc9badbe92ba391,XL6
67dbae1e0dc9badbe92ba392,XL6
67dbae1e0dc9badbe92ba393,XL6
67dbae1e0dc9badbe92ba394,XL6
67dbae1e0dc9badbe92ba395,XL6
67dbae1e0dc9badbe92ba396,XL6
67dbae1e0dc9badbe92ba397,XL6
67dbae1f0dc9badbe92ba398,XL6
67dbae1f0dc9badbe92ba39a,XL6
67dbae1f0dc9badbe92ba399,XL6
67dbae1f0dc9badbe92ba39b,XL6
67dbae1f0dc9badbe92ba39c,XL6
67dbae1f0dc9badbe92ba39d,XL6
67dbae1f0dc9badbe92ba3a4,XL6
67dbae1f0dc9badbe92ba3a6,XL6
67dbae1f0dc9badbe92ba39e,XL6
67dbae400dc9badbe92ba3c3,BALENO
67dbae410dc9badbe92ba3c9,BALENO
67dbae1f0dc9badbe92ba39f,XL6
67dbae1f0dc9badbe92ba3a0,XL6
67dbae1f0dc9badbe92ba3a1,XL6
67dbae1f0dc9badbe92ba3a2,XL6
67dbae410dc9badbe92ba3d7,BALENO
67dbae410dc9badbe92ba3d9,BALENO
67dbae1f0dc9badbe92ba3a3,XL6
67dbae1f0dc9badbe92ba3a5,XL6
67dbae1f0dc9badbe92ba3a7,XL6
67dbae1f0dc9badbe92ba3a8,XL6
67dbae1f0dc9badbe92ba3a9,XL6
67dbae3f0dc9badbe92ba3aa,BALENO
67dbae3f0dc9badbe92ba3ab,BALENO
67dbae3f0dc9badbe92ba3ad,BALENO
67dbae3f0dc9badbe92ba3ac,BALENO
67dbae3f0dc9badbe92ba3b0,BALENO
67dbae3f0dc9badbe92ba3b3,BALENO
67dbae3f0dc9badbe92ba3ae,BALENO
67dbae3f0dc9badbe92ba3af,BALENO
67dbae3f0dc9badbe92ba3b1,BALENO
67dbae3f0dc9badbe92ba3b2,BALENO
67dbae3f0dc9badbe92ba3b4,BALENO
67dbae400dc9badbe92ba3b7,BALENO
67dbae400dc9badbe92ba3b5,BALENO
67dbae400dc9badbe92ba3ba,BALENO
67dbae400dc9badbe92ba3be,BALENO
67dbae400dc9badbe92ba3b6,BALENO
67dbae400dc9badbe92ba3b9,BALENO
67dbae400dc9badbe92ba3bb,BALENO
67dbae400dc9badbe92ba3b8,BALENO
67dbae410dc9badbe92ba3d3,BALENO
67dbae420dc9badbe92ba3e2,BALENO
67dbae400dc9badbe92ba3bc,BALENO
67dbae400dc9badbe92ba3bd,BALENO
67dbae400dc9badbe92ba3c2,BALENO
67dbae400dc9badbe92ba3bf,BALENO
67dbae400dc9badbe92ba3c0,BALENO
67dbae400dc9badbe92ba3c4,BALENO
67dbae400dc9badbe92ba3c1,BALENO
67dbae400dc9badbe92ba3c5,BALENO
67dbae400dc9badbe92ba3c8,BALENO
67dbae400dc9badbe92ba3c6,BALENO
67dbae410dc9badbe92ba3cd,BALENO
67dbae410dc9badbe92ba3d1,BALENO
67dbae400dc9badbe92ba3c7,BALENO
67dbae420dc9badbe92ba3e6,BALENO
67dbae420dc9badbe92ba3e7,BALENO
67dbae410dc9badbe92ba3ca,BALENO
67dbae440dc9badbe92ba409,BALENO
67dbae450dc9badbe92ba42b,BALENO
67dbae410dc9badbe92ba3cb,BALENO
67dbae410dc9badbe92ba3cf,BALENO
67dbae410dc9badbe92ba3d2,BALENO
67dbae410dc9badbe92ba3cc,BALENO
67dbae410dc9badbe92ba3d8,BALENO
67dbae410dc9badbe92ba3db,BALENO
67dbae410dc9badbe92ba3ce,BALENO
67dbae410dc9badbe92ba3d4,BALENO
67dbae410dc9badbe92ba3dd,BALENO
67dbae410dc9badbe92ba3d0,BALENO
67dbae410dc9badbe92ba3d5,BALENO
67dbae420dc9badbe92ba3e3,BALENO
67dbae410dc9badbe92ba3d6,BALENO
67dbae420dc9badbe92ba3de,BALENO
67dbae420dc9badbe92ba3e1,BALENO
67dbae410dc9badbe92ba3da,BALENO
67dbae420dc9badbe92ba3e5,BALENO
67dbae440dc9badbe92ba412,BALENO
67dbae410dc9badbe92ba3dc,BALENO
67dbae420dc9badbe92ba3e0,BALENO
67dbae430dc9badbe92ba3f3,BALENO
67dbae420dc9badbe92ba3df,BALENO
67dbae420dc9badbe92ba3e8,BALENO
67dbae420dc9badbe92ba3eb,BALENO
67dbae420dc9badbe92ba3e4,BALENO
67dbae420dc9badbe92ba3ed,BALENO
67dbae420dc9badbe92ba3f0,BALENO
67dbae420dc9badbe92ba3e9,BALENO
67dbae420dc9badbe92ba3ea,BALENO
67dbae430dc9badbe92ba404,BALENO
67dbae420dc9badbe92ba3ec,BALENO
67dbae420dc9badbe92ba3ee,BALENO
67dbae420dc9badbe92ba3f2,BALENO
67dbae420dc9badbe92ba3ef,BALENO
67dbae420dc9badbe92ba3f1,BALENO
67dbae430dc9badbe92ba3f4,BALENO
67dbae430dc9badbe92ba3f5,BALENO
67dbae430dc9badbe92ba403,BALENO
67dbae440dc9badbe92ba40a,BALENO
67dbae430dc9badbe92ba3f6,BALENO
67dbae430dc9badbe92ba3f7,BALENO
67dbae430dc9badbe92ba3fa,BALENO
67dbae430dc9badbe92ba3f8,BALENO
67dbae430dc9badbe92ba3f9,BALENO
67dbae430dc9badbe92ba3ff,BALENO
67dbae430dc9badbe92ba3fb,BALENO
67dbae440dc9badbe92ba40d,BALENO
67dbae440dc9badbe92ba40f,BALENO
67dbae430dc9badbe92ba3fc,BALENO
67dbae430dc9badbe92ba401,BALENO
67dbae430dc9badbe92ba405,BALENO
67dbae430dc9badbe92ba3fd,BALENO
67dbae430dc9badbe92ba402,BALENO
67dbae440dc9badbe92ba408,BALENO
67dbae430dc9badbe92ba3fe,BALENO
67dbae430dc9badbe92ba400,BALENO
67dbae440dc9badbe92ba40e,BALENO
67dbae430dc9badbe92ba406,BALENO
67dbae440dc9badbe92ba411,BALENO
67dbae440dc9badbe92ba414,BALENO
67dbae430dc9badbe92ba407,BALENO
67dbae440dc9badbe92ba418,BALENO
67dbae450dc9badbe92ba422,BALENO
67dbae440dc9badbe92ba40b,BALENO
67dbae450dc9badbe92ba427,BALENO
67dbae450dc9badbe92ba42a,BALENO
67dbae440dc9badbe92ba40c,BALENO
67dbae450dc9badbe92ba429,BALENO
67dbae450dc9badbe92ba42e,BALENO
67dbae440dc9badbe92ba410,BALENO
67dbae460dc9badbe92ba43f,BALENO
67dbae470dc9badbe92ba451,BALENO
67dbae440dc9badbe92ba413,BALENO
67dbae440dc9badbe92ba41b,BALENO
67dbae440dc9badbe92ba41c,BALENO
67dbae440dc9badbe92ba415,BALENO
67dbae440dc9badbe92ba416,BALENO
67dbae460dc9badbe92ba436,BALENO
67dbae440dc9badbe92ba417,BALENO
67dbae440dc9badbe92ba419,BALENO
67dbae450dc9badbe92ba41f,BALENO
67dbae440dc9badbe92ba41a,BALENO
67dbae460dc9badbe92ba437,BALENO
67dbae460dc9badbe92ba443,BALENO
67dbae450dc9badbe92ba41d,BALENO
67dbae450dc9badbe92ba41e,BALENO
67dbae450dc9badbe92ba420,BALENO
67dbae450dc9badbe92ba421,BALENO
67dbae470dc9badbe92ba454,BALENO
67dbae450dc9badbe92ba423,BALENO
67dbae450dc9badbe92ba426,BALENO
67dbae470dc9badbe92ba44c,BALENO
67dbae450dc9badbe92ba424,BALENO
67dbae450dc9badbe92ba425,BALENO
67dbae460dc9badbe92ba433,BALENO
67dbae450dc9badbe92ba428,BALENO
67dbae450dc9badbe92ba42f,BALENO
67dbae450dc9badbe92ba430,BALENO
67dbae450dc9badbe92ba42c,BALENO
67dbae450dc9badbe92ba42d,BALENO
67dbae460dc9badbe92ba431,BALENO
67dbae460dc9badbe92ba43c,BALENO
67dbae460dc9badbe92ba442,BALENO
67dbae460dc9badbe92ba432,BALENO
67dbae460dc9badbe92ba440,BALENO
67dbae460dc9badbe92ba434,BALENO
67dbae460dc9badbe92ba435,BALENO
67dbae460dc9badbe92ba43d,BALENO
67dbae460dc9badbe92ba438,BALENO
67dbae460dc9badbe92ba439,BALENO
67dbae460dc9badbe92ba441,BALENO
67dbae470dc9badbe92ba44b,BALENO
67dbae460dc9badbe92ba43a,BALENO
67dbae460dc9badbe92ba43b,BALENO
67dbae460dc9badbe92ba43e,BALENO
67dbae460dc9badbe92ba444,BALENO
67dbae470dc9badbe92ba446,BALENO
67dbae470dc9badbe92ba448,BALENO
67dbae460dc9badbe92ba445,BALENO
67dbae470dc9badbe92ba449,BALENO
67dbae470dc9badbe92ba447,BALENO
67dbae470dc9badbe92ba44a,BALENO
67dbae470dc9badbe92ba450,BALENO
67dbae470dc9badbe92ba44d,BALENO
67dbae470dc9badbe92ba44e,BALENO
67dbae470dc9badbe92ba44f,BALENO
67dbae470dc9badbe92ba452,BALENO
67dbae470dc9badbe92ba453,BALENO
67dbae470dc9badbe92ba455,BALENO
67dbae470dc9badbe92ba456,BALENO
67dbae470dc9badbe92ba457,BALENO
